sample_id	resistance_profile	resistant_drugs	resistance_mutations	key_mutations	status
0000_ERR12115322	No resistance detected by TB-Profiler	None reported	levofloxacin; moxifloxacin; ofloxacin | Rv0006 p.Glu21Gln | other_variants, levofloxacin; moxifloxacin; ofloxacin | Rv0006 p.Ser95Thr | other_variants, levofloxacin; moxifloxacin; ofloxacin | Rv0006 p.Gly668Asp | other_variants, clofazimine; delamanid; pretomanid | Rv0407 c.960T>C | other_variants, ethionamide | Rv0565c c.390G>A | other_variants, rifampicin | Rv0667 c.-61C>T | other_variants, rifampicin | Rv0667 c.2628T>G | other_variants, rifampicin | Rv0667 c.3225T>C | other_variants, rifampicin | Rv0668 c.2547C>T | other_variants, bedaquiline; clofazimine | Rv0676c p.Ile948Val | other_variants, bedaquiline; clofazimine | Rv0676c p.Gln945Arg | other_variants, bedaquiline; clofazimine | Rv0676c p.Thr794Ile | other_variants, streptomycin | Rv0682 c.-165T>C | other_variants, isoniazid; rifampicin; levofloxacin; moxifloxacin; ofloxacin | Rv1129c c.-28T>C | other_variants, streptomycin; amikacin; kanamycin; capreomycin | EBG00000313325 n.-187C>T | other_variants, linezolid | Rv1644 p.Leu232Pro | other_variants, capreomycin | Rv1694 c.33A>G | other_variants, isoniazid | Rv1908c p.Arg463Leu | other_variants, pyrazinamide | Rv1918c p.Leu896Ser | other_variants, pyrazinamide | Rv1918c p.Gly51Glu | other_variants, bedaquiline; clofazimine | Rv1979c c.-129A>G | other_variants, pyrazinamide | Rv2043c c.195C>T | other_variants, pyrazinamide | Rv2043c c.-125delC | other_variants, isoniazid | Rv2428 c.-88G>A | other_variants, rifampicin; ethambutol; streptomycin; levofloxacin; moxifloxacin; ofloxacin; amikacin; kanamycin | Rv2477c c.1545C>T | other_variants, cycloserine | Rv2780 c.-32T>C | other_variants, rifampicin; bedaquiline | Rv3245c p.Met517Leu | other_variants, pyrazinamide | Rv3601c c.-591C>T | other_variants, isoniazid; rifampicin; ethambutol; streptomycin; levofloxacin; moxifloxacin; ofloxacin | Rv3696c c.1134C>T | other_variants, ethambutol | Rv3793 p.Arg567His | other_variants, ethambutol | Rv3793 p.Arg738Gln | other_variants, ethambutol | Rv3793 c.2781C>T | other_variants, amikacin; kanamycin; capreomycin | Rv3862c c.-75delG | other_variants, amikacin; kanamycin; capreomycin | Rv3862c c.-211C>T | other_variants, streptomycin | Rv3919c c.615A>G | other_variants	Rv0006 p.Glu21Gln, Rv0006 p.Ser95Thr, Rv0006 p.Gly668Asp, Rv0407 c.960T>C, Rv0565c c.390G>A, Rv0667 c.-61C>T, Rv0667 c.2628T>G, Rv0667 c.3225T>C, Rv0668 c.2547C>T, Rv0676c p.Ile948Val, Rv0676c p.Gln945Arg, Rv0676c p.Thr794Ile, Rv0682 c.-165T>C, Rv1129c c.-28T>C, EBG00000313325 n.-187C>T, Rv1644 p.Leu232Pro, Rv1694 c.33A>G, Rv1908c p.Arg463Leu, Rv1918c p.Leu896Ser, Rv1918c p.Gly51Glu, Rv1979c c.-129A>G, Rv2043c c.195C>T, Rv2043c c.-125delC, Rv2428 c.-88G>A, Rv2477c c.1545C>T, Rv2780 c.-32T>C, Rv3245c p.Met517Leu, Rv3601c c.-591C>T, Rv3696c c.1134C>T, Rv3793 p.Arg567His, Rv3793 p.Arg738Gln, Rv3793 c.2781C>T, Rv3862c c.-75delG, Rv3862c c.-211C>T, Rv3919c c.615A>G	success
0001_ERR15278529	MDR-TB	rifampicin, isoniazid, ethionamide	rifampicin | Rv0667 p.Ser450Leu | dr_variants, isoniazid | Rv1908c p.Ser315Thr | dr_variants, ethionamide | Rv3854c c.429_430dupCG | dr_variants, levofloxacin; moxifloxacin; ofloxacin | Rv0006 p.Glu21Gln | other_variants, levofloxacin; moxifloxacin; ofloxacin | Rv0006 p.Ser95Thr | other_variants, levofloxacin; moxifloxacin; ofloxacin | Rv0006 p.Gly247Ser | other_variants, levofloxacin; moxifloxacin; ofloxacin | Rv0006 p.Gly668Asp | other_variants, isoniazid; ethionamide | Rv0486 p.Leu188Val | other_variants, rifampicin | Rv0668 c.1626C>G | other_variants, bedaquiline; clofazimine | Rv0676c p.Ile948Val | other_variants, streptomycin | Rv0682 c.-165T>C | other_variants, streptomycin; amikacin; kanamycin; capreomycin | EBG00000313325 n.-187C>T | other_variants, linezolid | Rv1644 p.Leu232Pro | other_variants, capreomycin | Rv1694 c.33A>G | other_variants, bedaquiline; clofazimine | Rv1979c c.-129A>G | other_variants, isoniazid | Rv2245 p.Gly269Ser | other_variants, Rv2764c p.Thr202Ala | other_variants, cycloserine | Rv2780 c.-32T>C | other_variants, pyrazinamide | Rv3236c p.Val232Gly | other_variants, rifampicin; bedaquiline | Rv3245c p.Met517Leu | other_variants, pyrazinamide | Rv3596c c.2418C>T | other_variants, ethambutol | Rv3793 c.2781C>T | other_variants, amikacin; kanamycin; capreomycin | Rv3862c p.Leu52Gln | other_variants, amikacin; kanamycin; capreomycin | Rv3862c c.-75delG | other_variants, amikacin; kanamycin; capreomycin | Rv3862c c.-211C>T | other_variants, streptomycin | Rv3919c p.Leu16Arg | other_variants	Rv0667 p.Ser450Leu, Rv1908c p.Ser315Thr, Rv3854c c.429_430dupCG, Rv0006 p.Glu21Gln, Rv0006 p.Ser95Thr, Rv0006 p.Gly247Ser, Rv0006 p.Gly668Asp, Rv0486 p.Leu188Val, Rv0668 c.1626C>G, Rv0676c p.Ile948Val, Rv0682 c.-165T>C, EBG00000313325 n.-187C>T, Rv1644 p.Leu232Pro, Rv1694 c.33A>G, Rv1979c c.-129A>G, Rv2245 p.Gly269Ser, Rv2764c p.Thr202Ala, Rv2780 c.-32T>C, Rv3236c p.Val232Gly, Rv3245c p.Met517Leu, Rv3596c c.2418C>T, Rv3793 c.2781C>T, Rv3862c p.Leu52Gln, Rv3862c c.-75delG, Rv3862c c.-211C>T, Rv3919c p.Leu16Arg	success
0002_ERR15278530	RR-TB	rifampicin, pyrazinamide	rifampicin | Rv0667 p.Asp435Val | dr_variants, rifampicin | Rv0667 p.His445Tyr | dr_variants, pyrazinamide | Rv2043c c.518_519insT | dr_variants, levofloxacin; moxifloxacin; ofloxacin | Rv0006 p.Glu21Gln | other_variants, levofloxacin; moxifloxacin; ofloxacin | Rv0006 p.Ser95Thr | other_variants, levofloxacin; moxifloxacin; ofloxacin | Rv0006 p.Gly668Asp | other_variants, clofazimine; delamanid; pretomanid | Rv0407 c.960T>C | other_variants, ethionamide | Rv0565c c.390G>A | other_variants, rifampicin | Rv0667 c.-61C>T | other_variants, rifampicin | Rv0667 c.2628T>G | other_variants, rifampicin | Rv0667 c.3225T>C | other_variants, bedaquiline; clofazimine | Rv0676c p.Ile948Val | other_variants, bedaquiline; clofazimine | Rv0676c p.Thr794Ile | other_variants, streptomycin | Rv0682 c.-165T>C | other_variants, isoniazid; rifampicin; levofloxacin; moxifloxacin; ofloxacin | Rv1129c c.-28T>C | other_variants, streptomycin; amikacin; kanamycin; capreomycin | EBG00000313325 n.-187C>T | other_variants, linezolid | Rv1644 p.Leu232Pro | other_variants, capreomycin | Rv1694 c.33A>G | other_variants, isoniazid | Rv1908c p.Gly547Asp | other_variants, isoniazid | Rv1908c p.Arg463Leu | other_variants, pyrazinamide | Rv1918c p.Leu896Ser | other_variants, pyrazinamide | Rv1918c p.Gly51Glu | other_variants, bedaquiline; clofazimine | Rv1979c c.-129A>G | other_variants, pyrazinamide | Rv2043c c.195C>T | other_variants, pyrazinamide | Rv2043c c.-125delC | other_variants, isoniazid | Rv2428 c.-88G>A | other_variants, isoniazid | Rv2428 c.-76T>G | other_variants, rifampicin; ethambutol; streptomycin; levofloxacin; moxifloxacin; ofloxacin; amikacin; kanamycin | Rv2477c c.1545C>T | other_variants, cycloserine | Rv2780 c.-32T>C | other_variants, rifampicin; bedaquiline | Rv3245c p.Met517Leu | other_variants, pyrazinamide | Rv3601c c.-591C>T | other_variants, isoniazid; rifampicin; ethambutol; streptomycin; levofloxacin; moxifloxacin; ofloxacin | Rv3696c c.1134C>T | other_variants, ethambutol | Rv3793 p.Val104Met | other_variants, ethambutol | Rv3793 p.Arg567His | other_variants, ethambutol | Rv3793 p.Arg738Gln | other_variants, ethambutol | Rv3793 c.2781C>T | other_variants, amikacin; kanamycin; capreomycin | Rv3862c c.-75delG | other_variants, amikacin; kanamycin; capreomycin | Rv3862c c.-211C>T | other_variants, streptomycin | Rv3919c c.615A>G | other_variants	Rv0667 p.Asp435Val, Rv0667 p.His445Tyr, Rv2043c c.518_519insT, Rv0006 p.Glu21Gln, Rv0006 p.Ser95Thr, Rv0006 p.Gly668Asp, Rv0407 c.960T>C, Rv0565c c.390G>A, Rv0667 c.-61C>T, Rv0667 c.2628T>G, Rv0667 c.3225T>C, Rv0676c p.Ile948Val, Rv0676c p.Thr794Ile, Rv0682 c.-165T>C, Rv1129c c.-28T>C, EBG00000313325 n.-187C>T, Rv1644 p.Leu232Pro, Rv1694 c.33A>G, Rv1908c p.Gly547Asp, Rv1908c p.Arg463Leu, Rv1918c p.Leu896Ser, Rv1918c p.Gly51Glu, Rv1979c c.-129A>G, Rv2043c c.195C>T, Rv2043c c.-125delC, Rv2428 c.-88G>A, Rv2428 c.-76T>G, Rv2477c c.1545C>T, Rv2780 c.-32T>C, Rv3245c p.Met517Leu, Rv3601c c.-591C>T, Rv3696c c.1134C>T, Rv3793 p.Val104Met, Rv3793 p.Arg567His, Rv3793 p.Arg738Gln, Rv3793 c.2781C>T, Rv3862c c.-75delG, Rv3862c c.-211C>T, Rv3919c c.615A>G	success
0003_ERR15278547	MDR-TB	rifampicin, isoniazid	rifampicin | Rv0667 p.Ser450Leu | dr_variants, isoniazid | Rv1908c p.Ser315Thr | dr_variants, levofloxacin; moxifloxacin; ofloxacin | Rv0005 p.Met291Ile | other_variants, levofloxacin; moxifloxacin; ofloxacin | Rv0005 c.885C>T | other_variants, levofloxacin; moxifloxacin; ofloxacin | Rv0006 p.Glu21Gln | other_variants, levofloxacin; moxifloxacin; ofloxacin | Rv0006 p.Ser95Thr | other_variants, levofloxacin; moxifloxacin; ofloxacin | Rv0006 p.Ala384Val | other_variants, levofloxacin; moxifloxacin; ofloxacin | Rv0006 c.1842T>C | other_variants, levofloxacin; moxifloxacin; ofloxacin | Rv0006 p.Gly668Asp | other_variants, isoniazid | Rv0010c p.Ile87Met | other_variants, isoniazid | Rv0010c c.99T>C | other_variants, clofazimine; delamanid; pretomanid | Rv0407 c.960T>C | other_variants, ethionamide | Rv0565c p.His239Tyr | other_variants, ethionamide | Rv0565c c.-108T>C | other_variants, isoniazid | Rv0635 c.225G>C | other_variants, rifampicin | Rv0639 c.-138T>C | other_variants, rifampicin | Rv0667 c.3225T>C | other_variants, rifampicin | Rv0668 p.Ala172Val | other_variants, rifampicin | Rv0668 c.517C>A | other_variants, rifampicin | Rv0668 p.Trp484Gly | other_variants, rifampicin | Rv0668 p.Pro601Leu | other_variants, rifampicin | Rv0668 p.Ile832Val | other_variants, bedaquiline; clofazimine | Rv0676c p.Ile948Val | other_variants, bedaquiline; clofazimine | Rv0676c p.Thr794Ile | other_variants, streptomycin | Rv0682 c.-165T>C | other_variants, linezolid | Rv0701 c.-559C>G | other_variants, linezolid | Rv0701 c.-452C>A | other_variants, isoniazid; rifampicin; levofloxacin; moxifloxacin; ofloxacin | Rv1129c c.-28T>C | other_variants, clofazimine; delamanid; pretomanid | Rv1173 c.-288C>T | other_variants, ethambutol | Rv1267c p.Cys110Tyr | other_variants, ethambutol | Rv1267c c.-207C>G | other_variants, ethambutol | Rv1267c c.-446C>T | other_variants, streptomycin; amikacin; kanamycin; capreomycin | EBG00000313325 n.-187C>T | other_variants, linezolid | Rv1644 c.369C>T | other_variants, linezolid | Rv1644 p.Tyr147Cys | other_variants, linezolid | Rv1644 p.Leu232Pro | other_variants, capreomycin | Rv1694 c.33A>G | other_variants, streptomycin; amikacin; kanamycin; capreomycin | Rv1819c p.Ile603Val | other_variants, isoniazid | Rv1908c p.Arg463Leu | other_variants, isoniazid | Rv1908c c.-626dupA | other_variants, pyrazinamide | Rv1918c p.Leu896Ser | other_variants, pyrazinamide | Rv1918c p.Gly877Asp | other_variants, bedaquiline; clofazimine | Rv1979c p.Asp286Gly | other_variants, bedaquiline; clofazimine | Rv1979c c.-129A>G | other_variants, isoniazid | Rv2245 c.18C>T | other_variants, isoniazid | Rv2428 c.-142G>A | other_variants, capreomycin | Rv2681 c.174C>T | other_variants, isoniazid; rifampicin; ethambutol; levofloxacin; moxifloxacin; ofloxacin | Rv2752c c.1560C>T | other_variants, cycloserine | Rv2780 c.-32T>C | other_variants, clofazimine; delamanid; pretomanid | Rv2983 c.624G>A | other_variants, ethionamide | Rv3083 c.-230C>G | other_variants, ethionamide | Rv3083 p.Asp71His | other_variants, rifampicin; bedaquiline | Rv3244c p.Pro337His | other_variants, rifampicin; bedaquiline | Rv3244c p.Asp142Gly | other_variants, rifampicin; bedaquiline | Rv3245c p.Met517Leu | other_variants, pyrazinamide | Rv3596c p.Val63Ala | other_variants, isoniazid; rifampicin; ethambutol; streptomycin; levofloxacin; moxifloxacin; ofloxacin | Rv3696c p.Val460Ala | other_variants, ethambutol | Rv3793 p.Glu167Ala | other_variants, ethambutol | Rv3793 p.Thr270Ile | other_variants, ethambutol | Rv3793 p.Asn394Asp | other_variants, ethambutol | Rv3793 c.2781C>T | other_variants, ethambutol | Rv3794 p.Val206Met | other_variants, ethambutol | Rv3794 p.Pro913Ser | other_variants, ethambutol | Rv3795 p.Glu378Ala | other_variants, ethambutol | Rv3795 p.Ser1054Pro | other_variants, ethambutol | Rv3806c p.Glu149Asp | other_variants, ethambutol | Rv3806c c.228T>C | other_variants, ethionamide | Rv3854c c.-736C>A | other_variants, amikacin; kanamycin; capreomycin | Rv3862c c.-75delG | other_variants, amikacin; kanamycin; capreomycin | Rv3862c c.-82C>T | other_variants, amikacin; kanamycin; capreomycin | Rv3862c c.-211C>T | other_variants, streptomycin | Rv3919c c.615A>G | other_variants, streptomycin | Rv3919c c.330G>T | other_variants, streptomycin | Rv3919c p.Leu90Val | other_variants, streptomycin | Rv3919c p.Gln87Glu | other_variants	Rv0667 p.Ser450Leu, Rv1908c p.Ser315Thr, Rv0005 p.Met291Ile, Rv0005 c.885C>T, Rv0006 p.Glu21Gln, Rv0006 p.Ser95Thr, Rv0006 p.Ala384Val, Rv0006 c.1842T>C, Rv0006 p.Gly668Asp, Rv0010c p.Ile87Met, Rv0010c c.99T>C, Rv0407 c.960T>C, Rv0565c p.His239Tyr, Rv0565c c.-108T>C, Rv0635 c.225G>C, Rv0639 c.-138T>C, Rv0667 c.3225T>C, Rv0668 p.Ala172Val, Rv0668 c.517C>A, Rv0668 p.Trp484Gly, Rv0668 p.Pro601Leu, Rv0668 p.Ile832Val, Rv0676c p.Ile948Val, Rv0676c p.Thr794Ile, Rv0682 c.-165T>C, Rv0701 c.-559C>G, Rv0701 c.-452C>A, Rv1129c c.-28T>C, Rv1173 c.-288C>T, Rv1267c p.Cys110Tyr, Rv1267c c.-207C>G, Rv1267c c.-446C>T, EBG00000313325 n.-187C>T, Rv1644 c.369C>T, Rv1644 p.Tyr147Cys, Rv1644 p.Leu232Pro, Rv1694 c.33A>G, Rv1819c p.Ile603Val, Rv1908c p.Arg463Leu, Rv1908c c.-626dupA, Rv1918c p.Leu896Ser, Rv1918c p.Gly877Asp, Rv1979c p.Asp286Gly, Rv1979c c.-129A>G, Rv2245 c.18C>T, Rv2428 c.-142G>A, Rv2681 c.174C>T, Rv2752c c.1560C>T, Rv2780 c.-32T>C, Rv2983 c.624G>A, Rv3083 c.-230C>G, Rv3083 p.Asp71His, Rv3244c p.Pro337His, Rv3244c p.Asp142Gly, Rv3245c p.Met517Leu, Rv3596c p.Val63Ala, Rv3696c p.Val460Ala, Rv3793 p.Glu167Ala, Rv3793 p.Thr270Ile, Rv3793 p.Asn394Asp, Rv3793 c.2781C>T, Rv3794 p.Val206Met, Rv3794 p.Pro913Ser, Rv3795 p.Glu378Ala, Rv3795 p.Ser1054Pro, Rv3806c p.Glu149Asp, Rv3806c c.228T>C, Rv3854c c.-736C>A, Rv3862c c.-75delG, Rv3862c c.-82C>T, Rv3862c c.-211C>T, Rv3919c c.615A>G, Rv3919c c.330G>T, Rv3919c p.Leu90Val, Rv3919c p.Gln87Glu	success
0004_ERR15278558	RR-TB	rifampicin	rifampicin | Rv0667 p.Leu430Pro | dr_variants, levofloxacin; moxifloxacin; ofloxacin | Rv0006 p.Glu21Gln | other_variants, levofloxacin; moxifloxacin; ofloxacin | Rv0006 p.Ser95Thr | other_variants, levofloxacin; moxifloxacin; ofloxacin | Rv0006 p.Ala463Ser | other_variants, levofloxacin; moxifloxacin; ofloxacin | Rv0006 p.Gly668Asp | other_variants, isoniazid; ethionamide | Rv0486 c.730C>T | other_variants, ethionamide | Rv0565c p.Gly16Ser | other_variants, rifampicin | Rv0667 c.1683G>A | other_variants, rifampicin | Rv0668 p.Ser1242Asn | other_variants, bedaquiline; clofazimine | Rv0676c p.Ile948Val | other_variants, streptomycin | Rv0682 c.-165T>C | other_variants, linezolid | Rv0701 c.-605T>C | other_variants, isoniazid; rifampicin; levofloxacin; moxifloxacin; ofloxacin | Rv1129c c.-198C>T | other_variants, streptomycin; amikacin; kanamycin; capreomycin | EBG00000313325 n.-187C>T | other_variants, linezolid | Rv1644 p.Leu232Pro | other_variants, capreomycin | Rv1694 c.33A>G | other_variants, streptomycin; amikacin; kanamycin; capreomycin | Rv1819c c.1044G>A | other_variants, streptomycin; amikacin; kanamycin; capreomycin | Rv1819c p.Ile273Thr | other_variants, pyrazinamide | Rv1918c p.Ile548Val | other_variants, bedaquiline; clofazimine | Rv1979c c.-129A>G | other_variants, isoniazid; rifampicin; ethambutol; levofloxacin; moxifloxacin; ofloxacin | Rv2752c c.-89C>T | other_variants, cycloserine | Rv2780 c.-78A>C | other_variants, cycloserine | Rv2780 c.-32T>C | other_variants, rifampicin; bedaquiline | Rv3245c p.Met517Leu | other_variants, isoniazid; rifampicin; ethambutol; streptomycin; levofloxacin; moxifloxacin; ofloxacin | Rv3696c c.1458G>C | other_variants, ethambutol | Rv3793 c.2781C>T | other_variants, ethambutol | Rv3795 p.Thr11Pro | other_variants, amikacin; kanamycin; capreomycin | Rv3862c p.Trp76Arg | other_variants, amikacin; kanamycin; capreomycin | Rv3862c c.-75delG | other_variants, amikacin; kanamycin; capreomycin | Rv3862c c.-211C>T | other_variants	Rv0667 p.Leu430Pro, Rv0006 p.Glu21Gln, Rv0006 p.Ser95Thr, Rv0006 p.Ala463Ser, Rv0006 p.Gly668Asp, Rv0486 c.730C>T, Rv0565c p.Gly16Ser, Rv0667 c.1683G>A, Rv0668 p.Ser1242Asn, Rv0676c p.Ile948Val, Rv0682 c.-165T>C, Rv0701 c.-605T>C, Rv1129c c.-198C>T, EBG00000313325 n.-187C>T, Rv1644 p.Leu232Pro, Rv1694 c.33A>G, Rv1819c c.1044G>A, Rv1819c p.Ile273Thr, Rv1918c p.Ile548Val, Rv1979c c.-129A>G, Rv2752c c.-89C>T, Rv2780 c.-78A>C, Rv2780 c.-32T>C, Rv3245c p.Met517Leu, Rv3696c c.1458G>C, Rv3793 c.2781C>T, Rv3795 p.Thr11Pro, Rv3862c p.Trp76Arg, Rv3862c c.-75delG, Rv3862c c.-211C>T	success
0005_ERR15278570	MDR-TB	rifampicin, streptomycin, isoniazid, pyrazinamide, ethambutol, ethionamide	rifampicin | Rv0667 p.Ser450Leu | dr_variants, streptomycin | Rv0682 p.Lys88Arg | dr_variants, isoniazid | Rv1908c p.Ser315Thr | dr_variants, pyrazinamide | Rv2043c p.Val128Gly | dr_variants, ethambutol | Rv3795 p.Gln497Arg | dr_variants, ethionamide | Rv3854c c.1265_1266insT | dr_variants, streptomycin | Rv3919c c.471delG | dr_variants, levofloxacin; moxifloxacin; ofloxacin | Rv0006 p.Glu21Gln | other_variants, levofloxacin; moxifloxacin; ofloxacin | Rv0006 p.Ser95Thr | other_variants, levofloxacin; moxifloxacin; ofloxacin | Rv0006 p.Gly668Asp | other_variants, clofazimine; delamanid; pretomanid | Rv0407 c.960T>C | other_variants, ethionamide | Rv0565c c.390G>A | other_variants, rifampicin | Rv0667 c.-61C>T | other_variants, rifampicin | Rv0667 p.Val534Ala | other_variants, rifampicin | Rv0667 c.2628T>G | other_variants, rifampicin | Rv0667 c.3225T>C | other_variants, bedaquiline; clofazimine | Rv0676c p.Ile948Val | other_variants, bedaquiline; clofazimine | Rv0676c p.Thr794Ile | other_variants, streptomycin | Rv0682 c.-165T>C | other_variants, isoniazid; rifampicin; levofloxacin; moxifloxacin; ofloxacin | Rv1129c c.-28T>C | other_variants, streptomycin; amikacin; kanamycin; capreomycin | EBG00000313325 n.-187C>T | other_variants, isoniazid; ethionamide | Rv1484 c.-822C>G | other_variants, linezolid | Rv1644 p.Leu232Pro | other_variants, capreomycin | Rv1694 c.33A>G | other_variants, isoniazid | Rv1908c p.Arg463Leu | other_variants, pyrazinamide | Rv1918c p.Leu896Ser | other_variants, pyrazinamide | Rv1918c p.Leu189Val | other_variants, pyrazinamide | Rv1918c p.Thr187Ser | other_variants, pyrazinamide | Rv1918c p.Gly51Glu | other_variants, bedaquiline; clofazimine | Rv1979c c.-129A>G | other_variants, pyrazinamide | Rv2043c c.195C>T | other_variants, pyrazinamide | Rv2043c c.-125delC | other_variants, isoniazid | Rv2428 c.-88G>A | other_variants, rifampicin; ethambutol; streptomycin; levofloxacin; moxifloxacin; ofloxacin; amikacin; kanamycin | Rv2477c c.1545C>T | other_variants, cycloserine | Rv2780 c.-32T>C | other_variants, rifampicin; bedaquiline | Rv3245c p.Met517Leu | other_variants, pyrazinamide | Rv3601c c.-591C>T | other_variants, isoniazid; rifampicin; ethambutol; streptomycin; levofloxacin; moxifloxacin; ofloxacin | Rv3696c c.1134C>T | other_variants, ethambutol | Rv3793 p.Val104Met | other_variants, ethambutol | Rv3793 p.Arg567His | other_variants, ethambutol | Rv3793 p.Arg738Gln | other_variants, ethambutol | Rv3793 c.2781C>T | other_variants, ethambutol | Rv3794 p.Val31Ile | other_variants, ethambutol | Rv3795 p.Thr11Pro | other_variants, ethambutol | Rv3795 p.Pro12Gln | other_variants, ethambutol | Rv3795 c.42G>C | other_variants, ethambutol | Rv3795 p.Ala15Pro | other_variants, ethambutol | Rv3795 p.Leu17Trp | other_variants, ethionamide | Rv3855 p.Ala168Val | other_variants, amikacin; kanamycin; capreomycin | Rv3862c c.-75delG | other_variants, amikacin; kanamycin; capreomycin | Rv3862c c.-211C>T | other_variants, amikacin; kanamycin; capreomycin | Rv3862c c.-325T>G | other_variants, streptomycin | Rv3919c c.615A>G | other_variants	Rv0667 p.Ser450Leu, Rv0682 p.Lys88Arg, Rv1908c p.Ser315Thr, Rv2043c p.Val128Gly, Rv3795 p.Gln497Arg, Rv3854c c.1265_1266insT, Rv3919c c.471delG, Rv0006 p.Glu21Gln, Rv0006 p.Ser95Thr, Rv0006 p.Gly668Asp, Rv0407 c.960T>C, Rv0565c c.390G>A, Rv0667 c.-61C>T, Rv0667 p.Val534Ala, Rv0667 c.2628T>G, Rv0667 c.3225T>C, Rv0676c p.Ile948Val, Rv0676c p.Thr794Ile, Rv0682 c.-165T>C, Rv1129c c.-28T>C, EBG00000313325 n.-187C>T, Rv1484 c.-822C>G, Rv1644 p.Leu232Pro, Rv1694 c.33A>G, Rv1908c p.Arg463Leu, Rv1918c p.Leu896Ser, Rv1918c p.Leu189Val, Rv1918c p.Thr187Ser, Rv1918c p.Gly51Glu, Rv1979c c.-129A>G, Rv2043c c.195C>T, Rv2043c c.-125delC, Rv2428 c.-88G>A, Rv2477c c.1545C>T, Rv2780 c.-32T>C, Rv3245c p.Met517Leu, Rv3601c c.-591C>T, Rv3696c c.1134C>T, Rv3793 p.Val104Met, Rv3793 p.Arg567His, Rv3793 p.Arg738Gln, Rv3793 c.2781C>T, Rv3794 p.Val31Ile, Rv3795 p.Thr11Pro, Rv3795 p.Pro12Gln, Rv3795 c.42G>C, Rv3795 p.Ala15Pro, Rv3795 p.Leu17Trp, Rv3855 p.Ala168Val, Rv3862c c.-75delG, Rv3862c c.-211C>T, Rv3862c c.-325T>G, Rv3919c c.615A>G	success
0006_ERR4423684	MDR-TB	rifampicin, isoniazid, pyrazinamide, ethambutol, streptomycin	rifampicin | Rv0667 p.Ser450Leu | dr_variants, isoniazid | Rv1908c p.Ser315Thr | dr_variants, pyrazinamide | Rv2043c c.-447_*4192del | dr_variants, ethambutol | Rv3795 p.Gly406Ala | dr_variants, streptomycin | Rv3919c c.351delG | dr_variants, levofloxacin; moxifloxacin; ofloxacin | Rv0006 p.Glu21Gln | other_variants, levofloxacin; moxifloxacin; ofloxacin | Rv0006 p.Ser95Thr | other_variants, levofloxacin; moxifloxacin; ofloxacin | Rv0006 p.Gly668Asp | other_variants, clofazimine; delamanid; pretomanid | Rv0407 c.960T>C | other_variants, ethionamide | Rv0565c c.390G>A | other_variants, rifampicin | Rv0667 c.-61C>T | other_variants, rifampicin | Rv0667 c.2628T>G | other_variants, rifampicin | Rv0667 c.3225T>C | other_variants, rifampicin | Rv0668 p.Val1252Met | other_variants, bedaquiline; clofazimine | Rv0676c p.Ile948Val | other_variants, bedaquiline; clofazimine | Rv0676c p.Thr794Ile | other_variants, streptomycin | Rv0682 c.-165T>C | other_variants, isoniazid; rifampicin; levofloxacin; moxifloxacin; ofloxacin | Rv1129c c.-28T>C | other_variants, linezolid | Rv1644 p.Leu232Pro | other_variants, capreomycin | Rv1694 c.33A>G | other_variants, isoniazid | Rv1908c p.Arg463Leu | other_variants, pyrazinamide | Rv1918c p.Leu896Ser | other_variants, pyrazinamide | Rv1918c p.Gly51Glu | other_variants, isoniazid | Rv2428 c.-88G>A | other_variants, rifampicin; ethambutol; streptomycin; levofloxacin; moxifloxacin; ofloxacin; amikacin; kanamycin | Rv2477c c.1545C>T | other_variants, rifampicin; ethambutol; streptomycin; levofloxacin; moxifloxacin; ofloxacin; amikacin; kanamycin | Rv2477c p.Pro77Ser | other_variants, cycloserine | Rv2780 c.-32T>C | other_variants, rifampicin; bedaquiline | Rv3245c p.Met517Leu | other_variants, pyrazinamide | Rv3601c c.-591C>T | other_variants, isoniazid; rifampicin; ethambutol; streptomycin; levofloxacin; moxifloxacin; ofloxacin | Rv3696c c.1134C>T | other_variants, isoniazid; rifampicin; ethambutol; streptomycin; levofloxacin; moxifloxacin; ofloxacin | Rv3696c c.-26T>C | other_variants, ethambutol | Rv3793 p.Val104Met | other_variants, ethambutol | Rv3793 p.Arg567His | other_variants, ethambutol | Rv3793 p.Arg738Gln | other_variants, ethambutol | Rv3793 c.2781C>T | other_variants, ethambutol | Rv3806c p.Trp175Gly | other_variants, amikacin; kanamycin; capreomycin | Rv3862c c.-73T>G | other_variants, amikacin; kanamycin; capreomycin | Rv3862c c.-75delG | other_variants, amikacin; kanamycin; capreomycin | Rv3862c c.-211C>T | other_variants, streptomycin | Rv3919c c.615A>G | other_variants	Rv0667 p.Ser450Leu, Rv1908c p.Ser315Thr, Rv2043c c.-447_*4192del, Rv3795 p.Gly406Ala, Rv3919c c.351delG, Rv0006 p.Glu21Gln, Rv0006 p.Ser95Thr, Rv0006 p.Gly668Asp, Rv0407 c.960T>C, Rv0565c c.390G>A, Rv0667 c.-61C>T, Rv0667 c.2628T>G, Rv0667 c.3225T>C, Rv0668 p.Val1252Met, Rv0676c p.Ile948Val, Rv0676c p.Thr794Ile, Rv0682 c.-165T>C, Rv1129c c.-28T>C, Rv1644 p.Leu232Pro, Rv1694 c.33A>G, Rv1908c p.Arg463Leu, Rv1918c p.Leu896Ser, Rv1918c p.Gly51Glu, Rv2428 c.-88G>A, Rv2477c c.1545C>T, Rv2477c p.Pro77Ser, Rv2780 c.-32T>C, Rv3245c p.Met517Leu, Rv3601c c.-591C>T, Rv3696c c.1134C>T, Rv3696c c.-26T>C, Rv3793 p.Val104Met, Rv3793 p.Arg567His, Rv3793 p.Arg738Gln, Rv3793 c.2781C>T, Rv3806c p.Trp175Gly, Rv3862c c.-73T>G, Rv3862c c.-75delG, Rv3862c c.-211C>T, Rv3919c c.615A>G	success
0007_ERR4423685	MDR-TB	rifampicin, isoniazid, pyrazinamide, ethambutol, streptomycin	rifampicin | Rv0667 p.Ser450Leu | dr_variants, isoniazid | Rv1908c p.Ser315Thr | dr_variants, pyrazinamide | Rv2043c c.-446_*4189del | dr_variants, ethambutol | Rv3795 p.Gly406Ala | dr_variants, streptomycin | Rv3919c c.351delG | dr_variants, levofloxacin; moxifloxacin; ofloxacin | Rv0006 p.Glu21Gln | other_variants, levofloxacin; moxifloxacin; ofloxacin | Rv0006 p.Ser95Thr | other_variants, levofloxacin; moxifloxacin; ofloxacin | Rv0006 p.Gly668Asp | other_variants, clofazimine; delamanid; pretomanid | Rv0407 c.960T>C | other_variants, ethionamide | Rv0565c c.390G>A | other_variants, rifampicin | Rv0667 c.2628T>G | other_variants, rifampicin | Rv0667 c.3225T>C | other_variants, rifampicin | Rv0668 p.Val1252Met | other_variants, bedaquiline; clofazimine | Rv0676c p.Ile948Val | other_variants, bedaquiline; clofazimine | Rv0676c p.Thr794Ile | other_variants, streptomycin | Rv0682 c.-165T>C | other_variants, isoniazid; rifampicin; levofloxacin; moxifloxacin; ofloxacin | Rv1129c c.-28T>C | other_variants, streptomycin; amikacin; kanamycin; capreomycin | EBG00000313325 n.-187C>T | other_variants, linezolid | Rv1644 p.Leu232Pro | other_variants, capreomycin | Rv1694 c.33A>G | other_variants, isoniazid | Rv1908c p.Arg463Leu | other_variants, pyrazinamide | Rv1918c p.Gly51Glu | other_variants, bedaquiline; clofazimine | Rv1979c c.-129A>G | other_variants, isoniazid | Rv2428 c.-88G>A | other_variants, rifampicin; ethambutol; streptomycin; levofloxacin; moxifloxacin; ofloxacin; amikacin; kanamycin | Rv2477c c.1545C>T | other_variants, rifampicin; ethambutol; streptomycin; levofloxacin; moxifloxacin; ofloxacin; amikacin; kanamycin | Rv2477c p.Pro77Ser | other_variants, cycloserine | Rv2780 c.-32T>C | other_variants, rifampicin; bedaquiline | Rv3245c p.Met517Leu | other_variants, pyrazinamide | Rv3601c c.-591C>T | other_variants, isoniazid; rifampicin; ethambutol; streptomycin; levofloxacin; moxifloxacin; ofloxacin | Rv3696c c.1134C>T | other_variants, isoniazid; rifampicin; ethambutol; streptomycin; levofloxacin; moxifloxacin; ofloxacin | Rv3696c c.-26T>C | other_variants, ethambutol | Rv3793 p.Val104Met | other_variants, ethambutol | Rv3793 p.Arg567His | other_variants, ethambutol | Rv3793 p.Arg738Gln | other_variants, ethambutol | Rv3793 c.2781C>T | other_variants, ethambutol | Rv3806c p.Trp175Gly | other_variants, amikacin; kanamycin; capreomycin | Rv3862c c.-73T>G | other_variants, amikacin; kanamycin; capreomycin | Rv3862c c.-75delG | other_variants, amikacin; kanamycin; capreomycin | Rv3862c c.-211C>T | other_variants, streptomycin | Rv3919c c.615A>G | other_variants	Rv0667 p.Ser450Leu, Rv1908c p.Ser315Thr, Rv2043c c.-446_*4189del, Rv3795 p.Gly406Ala, Rv3919c c.351delG, Rv0006 p.Glu21Gln, Rv0006 p.Ser95Thr, Rv0006 p.Gly668Asp, Rv0407 c.960T>C, Rv0565c c.390G>A, Rv0667 c.2628T>G, Rv0667 c.3225T>C, Rv0668 p.Val1252Met, Rv0676c p.Ile948Val, Rv0676c p.Thr794Ile, Rv0682 c.-165T>C, Rv1129c c.-28T>C, EBG00000313325 n.-187C>T, Rv1644 p.Leu232Pro, Rv1694 c.33A>G, Rv1908c p.Arg463Leu, Rv1918c p.Gly51Glu, Rv1979c c.-129A>G, Rv2428 c.-88G>A, Rv2477c c.1545C>T, Rv2477c p.Pro77Ser, Rv2780 c.-32T>C, Rv3245c p.Met517Leu, Rv3601c c.-591C>T, Rv3696c c.1134C>T, Rv3696c c.-26T>C, Rv3793 p.Val104Met, Rv3793 p.Arg567His, Rv3793 p.Arg738Gln, Rv3793 c.2781C>T, Rv3806c p.Trp175Gly, Rv3862c c.-73T>G, Rv3862c c.-75delG, Rv3862c c.-211C>T, Rv3919c c.615A>G	success
0008_ERR7801121	No resistance detected by TB-Profiler	None reported	isoniazid | Rv0001 p.Ala138Val | other_variants, levofloxacin; moxifloxacin; ofloxacin | Rv0006 p.Glu21Gln | other_variants, levofloxacin; moxifloxacin; ofloxacin | Rv0006 p.Thr80Ala | other_variants, levofloxacin; moxifloxacin; ofloxacin | Rv0006 p.Ser95Thr | other_variants, levofloxacin; moxifloxacin; ofloxacin | Rv0006 p.Gly668Asp | other_variants, isoniazid; ethionamide | Rv0486 c.-268A>G | other_variants, isoniazid | Rv0635 c.336G>A | other_variants, bedaquiline; clofazimine | Rv0676c p.Ile948Val | other_variants, streptomycin | Rv0682 c.-165T>C | other_variants, streptomycin; amikacin; kanamycin; capreomycin | EBG00000313325 n.-187C>T | other_variants, linezolid | Rv1644 p.Leu232Pro | other_variants, capreomycin | Rv1694 c.33A>G | other_variants, streptomycin; amikacin; kanamycin; capreomycin | Rv1819c c.-88G>A | other_variants, bedaquiline; clofazimine | Rv1979c c.-129A>G | other_variants, capreomycin | Rv2681 c.138A>C | other_variants, streptomycin; amikacin; kanamycin | Rv3197A c.-350A>G | other_variants, isoniazid; rifampicin; ethambutol; streptomycin; levofloxacin; moxifloxacin; ofloxacin | Rv3696c p.Cys29Tyr | other_variants, ethambutol | Rv3793 c.2781C>T | other_variants, ethionamide | Rv3854c c.-856C>G | other_variants, amikacin; kanamycin; capreomycin | Rv3862c c.-75delG | other_variants, amikacin; kanamycin; capreomycin | Rv3862c c.-211C>T | other_variants	Rv0001 p.Ala138Val, Rv0006 p.Glu21Gln, Rv0006 p.Thr80Ala, Rv0006 p.Ser95Thr, Rv0006 p.Gly668Asp, Rv0486 c.-268A>G, Rv0635 c.336G>A, Rv0676c p.Ile948Val, Rv0682 c.-165T>C, EBG00000313325 n.-187C>T, Rv1644 p.Leu232Pro, Rv1694 c.33A>G, Rv1819c c.-88G>A, Rv1979c c.-129A>G, Rv2681 c.138A>C, Rv3197A c.-350A>G, Rv3696c p.Cys29Tyr, Rv3793 c.2781C>T, Rv3854c c.-856C>G, Rv3862c c.-75delG, Rv3862c c.-211C>T	success
0009_ERR7801145	No resistance detected by TB-Profiler	None reported	isoniazid | Rv0001 p.Met474Ile | other_variants, levofloxacin; moxifloxacin; ofloxacin | Rv0005 p.Val301Leu | other_variants, levofloxacin; moxifloxacin; ofloxacin | Rv0006 p.Glu21Gln | other_variants, levofloxacin; moxifloxacin; ofloxacin | Rv0006 p.Ser95Thr | other_variants, levofloxacin; moxifloxacin; ofloxacin | Rv0006 p.Gly668Asp | other_variants, rifampicin | Rv0668 c.1626C>G | other_variants, bedaquiline; clofazimine | Rv0676c p.Ile948Val | other_variants, streptomycin | Rv0682 c.-165T>C | other_variants, streptomycin; amikacin; kanamycin; capreomycin | EBG00000313325 n.-187C>T | other_variants, linezolid | Rv1644 p.Leu232Pro | other_variants, capreomycin | Rv1694 c.33A>G | other_variants, pyrazinamide | Rv1918c c.-21_*9616del | other_variants, bedaquiline; clofazimine | Rv1979c c.-129A>G | other_variants, Rv2764c p.Thr202Ala | other_variants, cycloserine | Rv2780 c.-32T>C | other_variants, pyrazinamide | Rv3236c p.Ala370Thr | other_variants, pyrazinamide | Rv3236c c.-244G>A | other_variants, rifampicin; bedaquiline | Rv3245c p.Met517Leu | other_variants, cycloserine | Rv3423c c.630A>G | other_variants, pyrazinamide | Rv3596c c.2418C>T | other_variants, ethambutol | Rv3793 c.2781C>T | other_variants, ethambutol | Rv3795 p.Ala232Pro | other_variants, amikacin; kanamycin; capreomycin | Rv3862c c.-75delG | other_variants, amikacin; kanamycin; capreomycin | Rv3862c c.-211C>T | other_variants, streptomycin | Rv3919c p.Leu16Arg | other_variants	Rv0001 p.Met474Ile, Rv0005 p.Val301Leu, Rv0006 p.Glu21Gln, Rv0006 p.Ser95Thr, Rv0006 p.Gly668Asp, Rv0668 c.1626C>G, Rv0676c p.Ile948Val, Rv0682 c.-165T>C, EBG00000313325 n.-187C>T, Rv1644 p.Leu232Pro, Rv1694 c.33A>G, Rv1918c c.-21_*9616del, Rv1979c c.-129A>G, Rv2764c p.Thr202Ala, Rv2780 c.-32T>C, Rv3236c p.Ala370Thr, Rv3236c c.-244G>A, Rv3245c p.Met517Leu, Rv3423c c.630A>G, Rv3596c c.2418C>T, Rv3793 c.2781C>T, Rv3795 p.Ala232Pro, Rv3862c c.-75delG, Rv3862c c.-211C>T, Rv3919c p.Leu16Arg	success
0010_ERR7801146	No resistance detected by TB-Profiler	None reported	isoniazid | Rv0001 p.Met474Ile | other_variants, levofloxacin; moxifloxacin; ofloxacin | Rv0005 p.Val301Leu | other_variants, levofloxacin; moxifloxacin; ofloxacin | Rv0006 p.Glu21Gln | other_variants, levofloxacin; moxifloxacin; ofloxacin | Rv0006 p.Ser95Thr | other_variants, levofloxacin; moxifloxacin; ofloxacin | Rv0006 p.Gly668Asp | other_variants, rifampicin | Rv0668 c.1626C>G | other_variants, bedaquiline; clofazimine | Rv0676c p.Ile948Val | other_variants, streptomycin | Rv0682 c.-165T>C | other_variants, streptomycin; amikacin; kanamycin; capreomycin | EBG00000313325 n.-187C>T | other_variants, linezolid | Rv1644 p.Leu232Pro | other_variants, capreomycin | Rv1694 c.33A>G | other_variants, pyrazinamide | Rv1918c c.-21_*9615del | other_variants, bedaquiline; clofazimine | Rv1979c c.-129A>G | other_variants, Rv2764c p.Thr202Ala | other_variants, cycloserine | Rv2780 c.-32T>C | other_variants, pyrazinamide | Rv3236c p.Ala370Thr | other_variants, pyrazinamide | Rv3236c c.-244G>A | other_variants, rifampicin; bedaquiline | Rv3245c p.Met517Leu | other_variants, cycloserine | Rv3423c c.630A>G | other_variants, pyrazinamide | Rv3596c c.2418C>T | other_variants, ethambutol | Rv3793 c.2781C>T | other_variants, ethambutol | Rv3795 p.Ala232Pro | other_variants, amikacin; kanamycin; capreomycin | Rv3862c c.-75delG | other_variants, amikacin; kanamycin; capreomycin | Rv3862c c.-211C>T | other_variants, streptomycin | Rv3919c p.Leu16Arg | other_variants	Rv0001 p.Met474Ile, Rv0005 p.Val301Leu, Rv0006 p.Glu21Gln, Rv0006 p.Ser95Thr, Rv0006 p.Gly668Asp, Rv0668 c.1626C>G, Rv0676c p.Ile948Val, Rv0682 c.-165T>C, EBG00000313325 n.-187C>T, Rv1644 p.Leu232Pro, Rv1694 c.33A>G, Rv1918c c.-21_*9615del, Rv1979c c.-129A>G, Rv2764c p.Thr202Ala, Rv2780 c.-32T>C, Rv3236c p.Ala370Thr, Rv3236c c.-244G>A, Rv3245c p.Met517Leu, Rv3423c c.630A>G, Rv3596c c.2418C>T, Rv3793 c.2781C>T, Rv3795 p.Ala232Pro, Rv3862c c.-75delG, Rv3862c c.-211C>T, Rv3919c p.Leu16Arg	success
0011_ERR7801159	No resistance detected by TB-Profiler	None reported	levofloxacin; moxifloxacin; ofloxacin | Rv0006 p.Glu21Gln | other_variants, rifampicin | Rv0668 c.75T>C | other_variants, bedaquiline; clofazimine | Rv0676c p.Ile948Val | other_variants, streptomycin | Rv0682 c.-165T>C | other_variants, streptomycin; amikacin; kanamycin; capreomycin | EBG00000313325 n.-187C>T | other_variants, capreomycin; linezolid | EBG00000313339 n.344C>T | other_variants, capreomycin | Rv1694 c.33A>G | other_variants, pyrazinamide | Rv1918c p.Pro822Ser | other_variants, pyrazinamide | Rv1918c c.-280G>A | other_variants, bedaquiline; clofazimine | Rv1979c c.-129A>G | other_variants, capreomycin | Rv2680 c.-257G>A | other_variants, clofazimine; delamanid; pretomanid | Rv2983 c.-78T>C | other_variants, ethionamide | Rv3083 c.-6_*1407del | other_variants, clofazimine; delamanid; pretomanid | Rv3262 p.Leu447Arg | other_variants, ethambutol | Rv3793 c.2781C>T | other_variants, amikacin; kanamycin; capreomycin | Rv3862c c.-75delG | other_variants	Rv0006 p.Glu21Gln, Rv0668 c.75T>C, Rv0676c p.Ile948Val, Rv0682 c.-165T>C, EBG00000313325 n.-187C>T, EBG00000313339 n.344C>T, Rv1694 c.33A>G, Rv1918c p.Pro822Ser, Rv1918c c.-280G>A, Rv1979c c.-129A>G, Rv2680 c.-257G>A, Rv2983 c.-78T>C, Rv3083 c.-6_*1407del, Rv3262 p.Leu447Arg, Rv3793 c.2781C>T, Rv3862c c.-75delG	success
0012_ERR7801197	No resistance detected by TB-Profiler	None reported	isoniazid | Rv0001 p.Ser136Ile | other_variants, levofloxacin; moxifloxacin; ofloxacin | Rv0005 p.Val301Leu | other_variants, levofloxacin; moxifloxacin; ofloxacin | Rv0006 p.Glu21Gln | other_variants, levofloxacin; moxifloxacin; ofloxacin | Rv0006 p.Ser95Thr | other_variants, levofloxacin; moxifloxacin; ofloxacin | Rv0006 p.Gly668Asp | other_variants, rifampicin | Rv0668 c.1626C>G | other_variants, bedaquiline; clofazimine | Rv0676c p.Ile948Val | other_variants, streptomycin | Rv0682 c.-165T>C | other_variants, streptomycin; amikacin; kanamycin; capreomycin | EBG00000313325 n.-187C>T | other_variants, linezolid | Rv1644 p.Leu232Pro | other_variants, capreomycin | Rv1694 c.33A>G | other_variants, bedaquiline; clofazimine | Rv1979c c.-129A>G | other_variants, pyrazinamide | Rv2043c c.276G>A | other_variants, Rv2764c p.Thr202Ala | other_variants, cycloserine | Rv2780 c.-32T>C | other_variants, pyrazinamide | Rv3236c p.Ala370Thr | other_variants, rifampicin; bedaquiline | Rv3245c p.Met517Leu | other_variants, rifampicin | Rv3457c c.-371T>C | other_variants, pyrazinamide | Rv3596c c.2418C>T | other_variants, ethambutol | Rv3793 c.2781C>T | other_variants, amikacin; kanamycin; capreomycin | Rv3862c c.-75delG | other_variants, amikacin; kanamycin; capreomycin | Rv3862c c.-211C>T | other_variants, streptomycin | Rv3919c p.Leu16Arg | other_variants	Rv0001 p.Ser136Ile, Rv0005 p.Val301Leu, Rv0006 p.Glu21Gln, Rv0006 p.Ser95Thr, Rv0006 p.Gly668Asp, Rv0668 c.1626C>G, Rv0676c p.Ile948Val, Rv0682 c.-165T>C, EBG00000313325 n.-187C>T, Rv1644 p.Leu232Pro, Rv1694 c.33A>G, Rv1979c c.-129A>G, Rv2043c c.276G>A, Rv2764c p.Thr202Ala, Rv2780 c.-32T>C, Rv3236c p.Ala370Thr, Rv3245c p.Met517Leu, Rv3457c c.-371T>C, Rv3596c c.2418C>T, Rv3793 c.2781C>T, Rv3862c c.-75delG, Rv3862c c.-211C>T, Rv3919c p.Leu16Arg	success
0013_ERR7801212	No resistance detected by TB-Profiler	None reported	levofloxacin; moxifloxacin; ofloxacin | Rv0006 p.Glu21Gln | other_variants, levofloxacin; moxifloxacin; ofloxacin | Rv0006 p.Ser95Thr | other_variants, levofloxacin; moxifloxacin; ofloxacin | Rv0006 p.Gly668Asp | other_variants, clofazimine; delamanid; pretomanid | Rv0407 p.Lys270Met | other_variants, isoniazid; ethionamide | Rv0486 p.Asn111Ser | other_variants, ethionamide | Rv0565c p.Ser68Pro | other_variants, rifampicin | Rv0667 c.309C>T | other_variants, rifampicin | Rv0668 p.Gly594Glu | other_variants, bedaquiline; clofazimine | Rv0676c p.Ile948Val | other_variants, streptomycin | Rv0682 c.-165T>C | other_variants, isoniazid; pyrazinamide; streptomycin | Rv1258c c.261delC | other_variants, streptomycin; amikacin; kanamycin; capreomycin | EBG00000313325 n.-187C>T | other_variants, linezolid | Rv1644 p.Leu232Pro | other_variants, capreomycin | Rv1694 c.27C>T | other_variants, capreomycin | Rv1694 c.33A>G | other_variants, isoniazid | Rv1908c c.1101G>A | other_variants, pyrazinamide | Rv1918c p.Leu189Val | other_variants, pyrazinamide | Rv1918c p.Thr187Ser | other_variants, bedaquiline; clofazimine | Rv1979c c.-129A>G | other_variants, isoniazid | Rv2245 c.-39C>T | other_variants, capreomycin | Rv2680 c.-71G>A | other_variants, capreomycin | Rv2680 c.-20G>A | other_variants, cycloserine | Rv2780 c.-32T>C | other_variants, rifampicin; bedaquiline | Rv3245c p.Met517Leu | other_variants, ethambutol | Rv3793 c.-565C>T | other_variants, ethambutol | Rv3793 c.2781C>T | other_variants, ethambutol | Rv3793 p.Val981Leu | other_variants, amikacin; kanamycin; capreomycin | Rv3862c c.-75delG | other_variants, amikacin; kanamycin; capreomycin | Rv3862c c.-211C>T | other_variants, streptomycin | Rv3919c p.Asp185Asn | other_variants	Rv0006 p.Glu21Gln, Rv0006 p.Ser95Thr, Rv0006 p.Gly668Asp, Rv0407 p.Lys270Met, Rv0486 p.Asn111Ser, Rv0565c p.Ser68Pro, Rv0667 c.309C>T, Rv0668 p.Gly594Glu, Rv0676c p.Ile948Val, Rv0682 c.-165T>C, Rv1258c c.261delC, EBG00000313325 n.-187C>T, Rv1644 p.Leu232Pro, Rv1694 c.27C>T, Rv1694 c.33A>G, Rv1908c c.1101G>A, Rv1918c p.Leu189Val, Rv1918c p.Thr187Ser, Rv1979c c.-129A>G, Rv2245 c.-39C>T, Rv2680 c.-71G>A, Rv2680 c.-20G>A, Rv2780 c.-32T>C, Rv3245c p.Met517Leu, Rv3793 c.-565C>T, Rv3793 c.2781C>T, Rv3793 p.Val981Leu, Rv3862c c.-75delG, Rv3862c c.-211C>T, Rv3919c p.Asp185Asn	success
0014_ERR7801217	No resistance detected by TB-Profiler	None reported	levofloxacin; moxifloxacin; ofloxacin | Rv0006 p.Glu21Gln | other_variants, levofloxacin; moxifloxacin; ofloxacin | Rv0006 p.Ser95Thr | other_variants, levofloxacin; moxifloxacin; ofloxacin | Rv0006 p.Gly668Asp | other_variants, rifampicin | Rv0667 p.Asp634Gly | other_variants, rifampicin | Rv0668 c.1626C>G | other_variants, bedaquiline; clofazimine | Rv0676c p.Ile948Val | other_variants, streptomycin | Rv0682 c.-165T>C | other_variants, streptomycin; amikacin; kanamycin; capreomycin | EBG00000313325 n.-187C>T | other_variants, linezolid | Rv1644 p.Leu232Pro | other_variants, capreomycin | Rv1694 c.33A>G | other_variants, streptomycin; amikacin; kanamycin; capreomycin | Rv1819c p.Arg508Cys | other_variants, isoniazid | Rv1908c c.-499G>A | other_variants, bedaquiline; clofazimine | Rv1979c c.-129A>G | other_variants, isoniazid; rifampicin; ethambutol; levofloxacin; moxifloxacin; ofloxacin | Rv2752c p.Pro342Leu | other_variants, isoniazid; rifampicin; ethambutol; levofloxacin; moxifloxacin; ofloxacin | Rv2752c p.Val300Ala | other_variants, Rv2764c p.Thr202Ala | other_variants, cycloserine | Rv2780 c.-32T>C | other_variants, pyrazinamide | Rv3236c p.Ala370Thr | other_variants, rifampicin; bedaquiline | Rv3245c p.Met517Leu | other_variants, pyrazinamide | Rv3596c c.2418C>T | other_variants, isoniazid; rifampicin; ethambutol; streptomycin; levofloxacin; moxifloxacin; ofloxacin | Rv3696c p.Tyr360Cys | other_variants, isoniazid; rifampicin; ethambutol; streptomycin; levofloxacin; moxifloxacin; ofloxacin | Rv3696c c.572dupG | other_variants, ethambutol | Rv3793 c.-100C>T | other_variants, ethambutol | Rv3793 c.2781C>T | other_variants, amikacin; kanamycin; capreomycin | Rv3862c c.-75delG | other_variants, amikacin; kanamycin; capreomycin | Rv3862c c.-211C>T | other_variants, streptomycin | Rv3919c p.Leu16Arg | other_variants	Rv0006 p.Glu21Gln, Rv0006 p.Ser95Thr, Rv0006 p.Gly668Asp, Rv0667 p.Asp634Gly, Rv0668 c.1626C>G, Rv0676c p.Ile948Val, Rv0682 c.-165T>C, EBG00000313325 n.-187C>T, Rv1644 p.Leu232Pro, Rv1694 c.33A>G, Rv1819c p.Arg508Cys, Rv1908c c.-499G>A, Rv1979c c.-129A>G, Rv2752c p.Pro342Leu, Rv2752c p.Val300Ala, Rv2764c p.Thr202Ala, Rv2780 c.-32T>C, Rv3236c p.Ala370Thr, Rv3245c p.Met517Leu, Rv3596c c.2418C>T, Rv3696c p.Tyr360Cys, Rv3696c c.572dupG, Rv3793 c.-100C>T, Rv3793 c.2781C>T, Rv3862c c.-75delG, Rv3862c c.-211C>T, Rv3919c p.Leu16Arg	success
0015_ERR7801257	No resistance detected by TB-Profiler	None reported	levofloxacin; moxifloxacin; ofloxacin | Rv0006 p.Glu21Gln | other_variants, levofloxacin; moxifloxacin; ofloxacin | Rv0006 p.Ser95Thr | other_variants, levofloxacin; moxifloxacin; ofloxacin | Rv0006 p.Gly247Ser | other_variants, levofloxacin; moxifloxacin; ofloxacin | Rv0006 p.Gly668Asp | other_variants, isoniazid; ethionamide | Rv0486 p.Leu188Val | other_variants, rifampicin | Rv0668 c.1626C>G | other_variants, bedaquiline; clofazimine | Rv0676c p.Ile948Val | other_variants, streptomycin | Rv0682 c.-165T>C | other_variants, streptomycin; amikacin; kanamycin; capreomycin | EBG00000313325 n.-187C>T | other_variants, linezolid | Rv1644 p.Leu232Pro | other_variants, capreomycin | Rv1694 c.33A>G | other_variants, bedaquiline; clofazimine | Rv1979c c.-129A>G | other_variants, isoniazid | Rv2245 p.Gly269Ser | other_variants, Rv2764c p.Thr202Ala | other_variants, cycloserine | Rv2780 c.-32T>C | other_variants, rifampicin; bedaquiline | Rv3245c p.Met517Leu | other_variants, delamanid; pretomanid | Rv3547 c.-130C>T | other_variants, pyrazinamide | Rv3596c c.2418C>T | other_variants, isoniazid; rifampicin; ethambutol; streptomycin; levofloxacin; moxifloxacin; ofloxacin | Rv3696c c.572dupG | other_variants, ethambutol | Rv3793 c.2781C>T | other_variants, amikacin; kanamycin; capreomycin | Rv3862c p.Leu52Gln | other_variants, amikacin; kanamycin; capreomycin | Rv3862c c.-75delG | other_variants, amikacin; kanamycin; capreomycin | Rv3862c c.-211C>T | other_variants, streptomycin | Rv3919c p.Leu16Arg | other_variants	Rv0006 p.Glu21Gln, Rv0006 p.Ser95Thr, Rv0006 p.Gly247Ser, Rv0006 p.Gly668Asp, Rv0486 p.Leu188Val, Rv0668 c.1626C>G, Rv0676c p.Ile948Val, Rv0682 c.-165T>C, EBG00000313325 n.-187C>T, Rv1644 p.Leu232Pro, Rv1694 c.33A>G, Rv1979c c.-129A>G, Rv2245 p.Gly269Ser, Rv2764c p.Thr202Ala, Rv2780 c.-32T>C, Rv3245c p.Met517Leu, Rv3547 c.-130C>T, Rv3596c c.2418C>T, Rv3696c c.572dupG, Rv3793 c.2781C>T, Rv3862c p.Leu52Gln, Rv3862c c.-75delG, Rv3862c c.-211C>T, Rv3919c p.Leu16Arg	success
0016_ERR7801260	No resistance detected by TB-Profiler	None reported	levofloxacin; moxifloxacin; ofloxacin | Rv0006 p.Glu21Gln | other_variants, levofloxacin; moxifloxacin; ofloxacin | Rv0006 p.Ser95Thr | other_variants, levofloxacin; moxifloxacin; ofloxacin | Rv0006 p.Gly668Asp | other_variants, rifampicin | Rv0667 p.Asp634Gly | other_variants, rifampicin | Rv0668 c.1626C>G | other_variants, bedaquiline; clofazimine | Rv0676c p.Ile948Val | other_variants, streptomycin | Rv0682 c.-165T>C | other_variants, streptomycin; amikacin; kanamycin; capreomycin | EBG00000313325 n.-187C>T | other_variants, linezolid | Rv1644 p.Leu232Pro | other_variants, capreomycin | Rv1694 c.33A>G | other_variants, streptomycin; amikacin; kanamycin; capreomycin | Rv1819c p.Arg508Cys | other_variants, isoniazid | Rv1908c c.-499G>A | other_variants, bedaquiline; clofazimine | Rv1979c c.-129A>G | other_variants, isoniazid; rifampicin; ethambutol; levofloxacin; moxifloxacin; ofloxacin | Rv2752c p.Val300Ala | other_variants, Rv2764c p.Thr202Ala | other_variants, cycloserine | Rv2780 c.-32T>C | other_variants, pyrazinamide | Rv3236c p.Ala370Thr | other_variants, rifampicin; bedaquiline | Rv3245c p.Met517Leu | other_variants, pyrazinamide | Rv3596c c.2418C>T | other_variants, isoniazid; rifampicin; ethambutol; streptomycin; levofloxacin; moxifloxacin; ofloxacin | Rv3696c c.572dupG | other_variants, ethambutol | Rv3793 c.-100C>T | other_variants, ethambutol | Rv3793 c.2781C>T | other_variants, amikacin; kanamycin; capreomycin | Rv3862c c.-75delG | other_variants, amikacin; kanamycin; capreomycin | Rv3862c c.-211C>T | other_variants, streptomycin | Rv3919c p.Leu16Arg | other_variants	Rv0006 p.Glu21Gln, Rv0006 p.Ser95Thr, Rv0006 p.Gly668Asp, Rv0667 p.Asp634Gly, Rv0668 c.1626C>G, Rv0676c p.Ile948Val, Rv0682 c.-165T>C, EBG00000313325 n.-187C>T, Rv1644 p.Leu232Pro, Rv1694 c.33A>G, Rv1819c p.Arg508Cys, Rv1908c c.-499G>A, Rv1979c c.-129A>G, Rv2752c p.Val300Ala, Rv2764c p.Thr202Ala, Rv2780 c.-32T>C, Rv3236c p.Ala370Thr, Rv3245c p.Met517Leu, Rv3596c c.2418C>T, Rv3696c c.572dupG, Rv3793 c.-100C>T, Rv3793 c.2781C>T, Rv3862c c.-75delG, Rv3862c c.-211C>T, Rv3919c p.Leu16Arg	success
0017_ERR7801266	No resistance detected by TB-Profiler	None reported	levofloxacin; moxifloxacin; ofloxacin | Rv0006 p.Glu21Gln | other_variants, levofloxacin; moxifloxacin; ofloxacin | Rv0006 p.Ser95Thr | other_variants, levofloxacin; moxifloxacin; ofloxacin | Rv0006 p.Gly668Asp | other_variants, clofazimine; delamanid; pretomanid | Rv0407 c.960T>C | other_variants, amikacin; kanamycin; capreomycin | Rv0529 p.Ile245Met | other_variants, ethionamide | Rv0565c c.390G>A | other_variants, ethionamide | Rv0565c p.Arg110His | other_variants, rifampicin | Rv0667 c.3225T>C | other_variants, bedaquiline; clofazimine | Rv0676c p.Ile948Val | other_variants, bedaquiline; clofazimine | Rv0676c p.Thr794Ile | other_variants, bedaquiline; clofazimine | Rv0677c c.-710C>G | other_variants, streptomycin | Rv0682 c.-165T>C | other_variants, isoniazid; rifampicin; levofloxacin; moxifloxacin; ofloxacin | Rv1129c c.-28T>C | other_variants, isoniazid; pyrazinamide; streptomycin | Rv1258c c.580_581insC | other_variants, streptomycin; amikacin; kanamycin; capreomycin | EBG00000313325 n.-187C>T | other_variants, pyrazinamide | Rv1630 c.636A>C | other_variants, linezolid | Rv1644 p.Leu232Pro | other_variants, capreomycin | Rv1694 c.33A>G | other_variants, isoniazid | Rv1908c p.Arg463Leu | other_variants, pyrazinamide | Rv1918c p.Leu896Ser | other_variants, pyrazinamide | Rv1918c p.Leu189Val | other_variants, pyrazinamide | Rv1918c p.Thr187Ser | other_variants, bedaquiline; clofazimine | Rv1979c c.-129A>G | other_variants, cycloserine | Rv2780 c.-32T>C | other_variants, streptomycin; amikacin; kanamycin | Rv3197A c.-541C>T | other_variants, pyrazinamide | Rv3236c p.Thr102Ala | other_variants, rifampicin; bedaquiline | Rv3245c p.Met517Leu | other_variants, rifampicin; bedaquiline | Rv3245c p.Pro18Ser | other_variants, ethambutol | Rv3793 c.2781C>T | other_variants, ethambutol | Rv3794 c.228C>T | other_variants, ethambutol | Rv3805c p.Asp397Gly | other_variants, ethionamide | Rv3854c p.Ser266Arg | other_variants, amikacin; kanamycin; capreomycin | Rv3862c c.-75delG | other_variants, amikacin; kanamycin; capreomycin | Rv3862c c.-211C>T | other_variants, streptomycin | Rv3919c c.615A>G | other_variants, streptomycin | Rv3919c p.Glu92Asp | other_variants	Rv0006 p.Glu21Gln, Rv0006 p.Ser95Thr, Rv0006 p.Gly668Asp, Rv0407 c.960T>C, Rv0529 p.Ile245Met, Rv0565c c.390G>A, Rv0565c p.Arg110His, Rv0667 c.3225T>C, Rv0676c p.Ile948Val, Rv0676c p.Thr794Ile, Rv0677c c.-710C>G, Rv0682 c.-165T>C, Rv1129c c.-28T>C, Rv1258c c.580_581insC, EBG00000313325 n.-187C>T, Rv1630 c.636A>C, Rv1644 p.Leu232Pro, Rv1694 c.33A>G, Rv1908c p.Arg463Leu, Rv1918c p.Leu896Ser, Rv1918c p.Leu189Val, Rv1918c p.Thr187Ser, Rv1979c c.-129A>G, Rv2780 c.-32T>C, Rv3197A c.-541C>T, Rv3236c p.Thr102Ala, Rv3245c p.Met517Leu, Rv3245c p.Pro18Ser, Rv3793 c.2781C>T, Rv3794 c.228C>T, Rv3805c p.Asp397Gly, Rv3854c p.Ser266Arg, Rv3862c c.-75delG, Rv3862c c.-211C>T, Rv3919c c.615A>G, Rv3919c p.Glu92Asp	success
0018_ERR7801275	Hr-TB	ethionamide, isoniazid, pyrazinamide	ethionamide; isoniazid | Rv1484 c.-770T>A | dr_variants, pyrazinamide | Rv2043c p.Leu172Pro | dr_variants, levofloxacin; moxifloxacin; ofloxacin | Rv0006 p.Glu21Gln | other_variants, levofloxacin; moxifloxacin; ofloxacin | Rv0006 p.Ser95Thr | other_variants, levofloxacin; moxifloxacin; ofloxacin | Rv0006 p.Gly247Ser | other_variants, levofloxacin; moxifloxacin; ofloxacin | Rv0006 p.Gly668Asp | other_variants, levofloxacin; moxifloxacin; ofloxacin | Rv0006 p.Thr811Ile | other_variants, isoniazid; ethionamide | Rv0486 c.969A>G | other_variants, rifampicin | Rv0668 c.1626C>G | other_variants, bedaquiline; clofazimine | Rv0676c p.Ile948Val | other_variants, streptomycin | Rv0682 c.-165T>C | other_variants, ethambutol | Rv1267c c.642C>T | other_variants, streptomycin; amikacin; kanamycin; capreomycin | EBG00000313325 n.-187C>T | other_variants, linezolid | Rv1644 p.Leu232Pro | other_variants, capreomycin | Rv1694 c.33A>G | other_variants, isoniazid | Rv1908c p.Trp90Cys | other_variants, bedaquiline; clofazimine | Rv1979c c.-129A>G | other_variants, isoniazid | Rv2245 p.Gly269Ser | other_variants, Rv2764c p.Thr202Ala | other_variants, cycloserine | Rv2780 c.-32T>C | other_variants, rifampicin; bedaquiline | Rv3245c p.Met517Leu | other_variants, pyrazinamide | Rv3596c c.2418C>T | other_variants, pyrazinamide | Rv3601c c.-419C>T | other_variants, ethambutol | Rv3793 c.2781C>T | other_variants, ethambutol | Rv3795 p.Ser856Arg | other_variants, amikacin; kanamycin; capreomycin | Rv3862c c.-75delG | other_variants, amikacin; kanamycin; capreomycin | Rv3862c c.-211C>T | other_variants, streptomycin | Rv3919c p.Leu16Arg | other_variants	Rv1484 c.-770T>A, Rv2043c p.Leu172Pro, Rv0006 p.Glu21Gln, Rv0006 p.Ser95Thr, Rv0006 p.Gly247Ser, Rv0006 p.Gly668Asp, Rv0006 p.Thr811Ile, Rv0486 c.969A>G, Rv0668 c.1626C>G, Rv0676c p.Ile948Val, Rv0682 c.-165T>C, Rv1267c c.642C>T, EBG00000313325 n.-187C>T, Rv1644 p.Leu232Pro, Rv1694 c.33A>G, Rv1908c p.Trp90Cys, Rv1979c c.-129A>G, Rv2245 p.Gly269Ser, Rv2764c p.Thr202Ala, Rv2780 c.-32T>C, Rv3245c p.Met517Leu, Rv3596c c.2418C>T, Rv3601c c.-419C>T, Rv3793 c.2781C>T, Rv3795 p.Ser856Arg, Rv3862c c.-75delG, Rv3862c c.-211C>T, Rv3919c p.Leu16Arg	success
0019_ERR7801283	No resistance detected by TB-Profiler	None reported	levofloxacin; moxifloxacin; ofloxacin | Rv0006 p.Glu21Gln | other_variants, levofloxacin; moxifloxacin; ofloxacin | Rv0006 p.Ser95Thr | other_variants, levofloxacin; moxifloxacin; ofloxacin | Rv0006 p.Gly668Asp | other_variants, clofazimine; delamanid; pretomanid | Rv0407 c.960T>C | other_variants, amikacin; kanamycin; capreomycin | Rv0529 p.Ile245Met | other_variants, ethionamide | Rv0565c c.390G>A | other_variants, ethionamide | Rv0565c p.Arg110His | other_variants, rifampicin | Rv0667 c.3225T>C | other_variants, bedaquiline; clofazimine | Rv0676c p.Ile948Val | other_variants, bedaquiline; clofazimine | Rv0676c p.Thr794Ile | other_variants, bedaquiline; clofazimine | Rv0677c c.-710C>G | other_variants, streptomycin | Rv0682 c.-165T>C | other_variants, isoniazid; rifampicin; levofloxacin; moxifloxacin; ofloxacin | Rv1129c c.-28T>C | other_variants, isoniazid; pyrazinamide; streptomycin | Rv1258c c.580_581insC | other_variants, streptomycin; amikacin; kanamycin; capreomycin | EBG00000313325 n.-187C>T | other_variants, pyrazinamide | Rv1630 c.636A>C | other_variants, linezolid | Rv1644 p.Leu232Pro | other_variants, capreomycin | Rv1694 c.33A>G | other_variants, isoniazid | Rv1908c p.Arg463Leu | other_variants, pyrazinamide | Rv1918c p.Leu896Ser | other_variants, bedaquiline; clofazimine | Rv1979c c.-129A>G | other_variants, cycloserine | Rv2780 c.-32T>C | other_variants, streptomycin; amikacin; kanamycin | Rv3197A c.-541C>T | other_variants, pyrazinamide | Rv3236c p.Thr102Ala | other_variants, rifampicin; bedaquiline | Rv3245c p.Met517Leu | other_variants, rifampicin; bedaquiline | Rv3245c p.Pro18Ser | other_variants, ethambutol | Rv3793 c.2781C>T | other_variants, ethambutol | Rv3794 c.228C>T | other_variants, ethambutol | Rv3805c p.Asp397Gly | other_variants, ethionamide | Rv3854c p.Ser266Arg | other_variants, amikacin; kanamycin; capreomycin | Rv3862c c.-75delG | other_variants, amikacin; kanamycin; capreomycin | Rv3862c c.-211C>T | other_variants, streptomycin | Rv3919c c.615A>G | other_variants, streptomycin | Rv3919c p.Glu92Asp | other_variants	Rv0006 p.Glu21Gln, Rv0006 p.Ser95Thr, Rv0006 p.Gly668Asp, Rv0407 c.960T>C, Rv0529 p.Ile245Met, Rv0565c c.390G>A, Rv0565c p.Arg110His, Rv0667 c.3225T>C, Rv0676c p.Ile948Val, Rv0676c p.Thr794Ile, Rv0677c c.-710C>G, Rv0682 c.-165T>C, Rv1129c c.-28T>C, Rv1258c c.580_581insC, EBG00000313325 n.-187C>T, Rv1630 c.636A>C, Rv1644 p.Leu232Pro, Rv1694 c.33A>G, Rv1908c p.Arg463Leu, Rv1918c p.Leu896Ser, Rv1979c c.-129A>G, Rv2780 c.-32T>C, Rv3197A c.-541C>T, Rv3236c p.Thr102Ala, Rv3245c p.Met517Leu, Rv3245c p.Pro18Ser, Rv3793 c.2781C>T, Rv3794 c.228C>T, Rv3805c p.Asp397Gly, Rv3854c p.Ser266Arg, Rv3862c c.-75delG, Rv3862c c.-211C>T, Rv3919c c.615A>G, Rv3919c p.Glu92Asp	success
0020_SRR12882014	Hr-TB	ethionamide, isoniazid	ethionamide; isoniazid | Rv1484 c.-154G>A | dr_variants, levofloxacin; moxifloxacin; ofloxacin | Rv0006 p.Glu21Gln | other_variants, levofloxacin; moxifloxacin; ofloxacin | Rv0006 p.Ser95Thr | other_variants, levofloxacin; moxifloxacin; ofloxacin | Rv0006 p.Gly668Asp | other_variants, levofloxacin; moxifloxacin; ofloxacin | Rv0006 c.2487C>T | other_variants, clofazimine; delamanid; pretomanid | Rv0407 p.Pro265Leu | other_variants, ethionamide | Rv0565c c.390G>A | other_variants, rifampicin | Rv0667 c.2628T>G | other_variants, rifampicin | Rv0667 c.3225T>C | other_variants, bedaquiline; clofazimine | Rv0676c p.Ile948Val | other_variants, bedaquiline; clofazimine | Rv0676c p.Thr794Ile | other_variants, streptomycin | Rv0682 c.-165T>C | other_variants, isoniazid; rifampicin; levofloxacin; moxifloxacin; ofloxacin | Rv1129c c.-28T>C | other_variants, clofazimine; delamanid; pretomanid | Rv1173 c.498C>A | other_variants, clofazimine; delamanid; pretomanid | Rv1173 c.1335C>T | other_variants, streptomycin; amikacin; kanamycin; capreomycin | EBG00000313325 n.-187C>T | other_variants, linezolid | Rv1644 p.Leu232Pro | other_variants, capreomycin | Rv1694 c.33A>G | other_variants, isoniazid | Rv1908c p.Arg463Leu | other_variants, pyrazinamide | Rv1918c p.Leu896Ser | other_variants, bedaquiline; clofazimine | Rv1979c c.-129A>G | other_variants, pyrazinamide | Rv2043c c.195C>T | other_variants, pyrazinamide | Rv2043c c.-125delC | other_variants, isoniazid | Rv2428 c.-88G>A | other_variants, rifampicin; ethambutol; streptomycin; levofloxacin; moxifloxacin; ofloxacin; amikacin; kanamycin | Rv2477c c.1545C>T | other_variants, cycloserine | Rv2780 c.-32T>C | other_variants, rifampicin; bedaquiline | Rv3245c p.Met517Leu | other_variants, clofazimine; delamanid; pretomanid | Rv3262 c.471C>G | other_variants, pyrazinamide | Rv3601c c.-591C>T | other_variants, isoniazid; rifampicin; ethambutol; streptomycin; levofloxacin; moxifloxacin; ofloxacin | Rv3696c c.1134C>T | other_variants, ethambutol | Rv3793 p.Arg738Gln | other_variants, ethambutol | Rv3793 c.2781C>T | other_variants, amikacin; kanamycin; capreomycin | Rv3862c c.-75delG | other_variants, amikacin; kanamycin; capreomycin | Rv3862c c.-211C>T | other_variants, streptomycin | Rv3919c c.615A>G | other_variants	Rv1484 c.-154G>A, Rv0006 p.Glu21Gln, Rv0006 p.Ser95Thr, Rv0006 p.Gly668Asp, Rv0006 c.2487C>T, Rv0407 p.Pro265Leu, Rv0565c c.390G>A, Rv0667 c.2628T>G, Rv0667 c.3225T>C, Rv0676c p.Ile948Val, Rv0676c p.Thr794Ile, Rv0682 c.-165T>C, Rv1129c c.-28T>C, Rv1173 c.498C>A, Rv1173 c.1335C>T, EBG00000313325 n.-187C>T, Rv1644 p.Leu232Pro, Rv1694 c.33A>G, Rv1908c p.Arg463Leu, Rv1918c p.Leu896Ser, Rv1979c c.-129A>G, Rv2043c c.195C>T, Rv2043c c.-125delC, Rv2428 c.-88G>A, Rv2477c c.1545C>T, Rv2780 c.-32T>C, Rv3245c p.Met517Leu, Rv3262 c.471C>G, Rv3601c c.-591C>T, Rv3696c c.1134C>T, Rv3793 p.Arg738Gln, Rv3793 c.2781C>T, Rv3862c c.-75delG, Rv3862c c.-211C>T, Rv3919c c.615A>G	success
0021_SRR12882354	No resistance detected by TB-Profiler	None reported	levofloxacin; moxifloxacin; ofloxacin | Rv0006 p.Glu21Gln | other_variants, levofloxacin; moxifloxacin; ofloxacin | Rv0006 p.Ser95Thr | other_variants, levofloxacin; moxifloxacin; ofloxacin | Rv0006 p.Gly668Asp | other_variants, clofazimine; delamanid; pretomanid | Rv0407 c.960T>C | other_variants, ethionamide | Rv0565c c.390G>A | other_variants, rifampicin | Rv0667 c.-61C>T | other_variants, rifampicin | Rv0667 c.2628T>G | other_variants, rifampicin | Rv0667 c.3225T>C | other_variants, bedaquiline; clofazimine | Rv0676c p.Ile948Val | other_variants, bedaquiline; clofazimine | Rv0676c p.Thr794Ile | other_variants, streptomycin | Rv0682 c.-165T>C | other_variants, isoniazid; rifampicin; levofloxacin; moxifloxacin; ofloxacin | Rv1129c c.-28T>C | other_variants, streptomycin; amikacin; kanamycin; capreomycin | EBG00000313325 n.-187C>T | other_variants, linezolid | Rv1644 p.Leu232Pro | other_variants, capreomycin | Rv1694 c.33A>G | other_variants, isoniazid | Rv1908c p.Arg463Leu | other_variants, pyrazinamide | Rv1918c p.Leu896Ser | other_variants, pyrazinamide | Rv1918c p.Gly51Glu | other_variants, bedaquiline; clofazimine | Rv1979c c.-129A>G | other_variants, pyrazinamide | Rv2043c c.195C>T | other_variants, pyrazinamide | Rv2043c c.-125delC | other_variants, isoniazid | Rv2428 c.-88G>A | other_variants, rifampicin; ethambutol; streptomycin; levofloxacin; moxifloxacin; ofloxacin; amikacin; kanamycin | Rv2477c c.1545C>T | other_variants, cycloserine | Rv2780 c.-32T>C | other_variants, rifampicin; bedaquiline | Rv3245c p.Met517Leu | other_variants, pyrazinamide | Rv3601c c.-591C>T | other_variants, isoniazid; rifampicin; ethambutol; streptomycin; levofloxacin; moxifloxacin; ofloxacin | Rv3696c c.1134C>T | other_variants, ethambutol | Rv3793 p.Val104Met | other_variants, ethambutol | Rv3793 p.Arg567His | other_variants, ethambutol | Rv3793 p.Arg738Gln | other_variants, ethambutol | Rv3793 c.2781C>T | other_variants, ethambutol | Rv3794 p.Leu685Ser | other_variants, amikacin; kanamycin; capreomycin | Rv3862c c.-75delG | other_variants, amikacin; kanamycin; capreomycin | Rv3862c c.-211C>T | other_variants, amikacin; kanamycin; capreomycin | Rv3862c c.-325T>G | other_variants, streptomycin | Rv3919c c.615A>G | other_variants	Rv0006 p.Glu21Gln, Rv0006 p.Ser95Thr, Rv0006 p.Gly668Asp, Rv0407 c.960T>C, Rv0565c c.390G>A, Rv0667 c.-61C>T, Rv0667 c.2628T>G, Rv0667 c.3225T>C, Rv0676c p.Ile948Val, Rv0676c p.Thr794Ile, Rv0682 c.-165T>C, Rv1129c c.-28T>C, EBG00000313325 n.-187C>T, Rv1644 p.Leu232Pro, Rv1694 c.33A>G, Rv1908c p.Arg463Leu, Rv1918c p.Leu896Ser, Rv1918c p.Gly51Glu, Rv1979c c.-129A>G, Rv2043c c.195C>T, Rv2043c c.-125delC, Rv2428 c.-88G>A, Rv2477c c.1545C>T, Rv2780 c.-32T>C, Rv3245c p.Met517Leu, Rv3601c c.-591C>T, Rv3696c c.1134C>T, Rv3793 p.Val104Met, Rv3793 p.Arg567His, Rv3793 p.Arg738Gln, Rv3793 c.2781C>T, Rv3794 p.Leu685Ser, Rv3862c c.-75delG, Rv3862c c.-211C>T, Rv3862c c.-325T>G, Rv3919c c.615A>G	success
0022_SRR12882371	Monoresistance	streptomycin	streptomycin | Rv3919c p.Ala200Glu | dr_variants, levofloxacin; moxifloxacin; ofloxacin | Rv0006 p.Glu21Gln | other_variants, levofloxacin; moxifloxacin; ofloxacin | Rv0006 p.Ser95Thr | other_variants, levofloxacin; moxifloxacin; ofloxacin | Rv0006 p.Gly668Asp | other_variants, levofloxacin; moxifloxacin; ofloxacin | Rv0006 p.Gly809Ala | other_variants, clofazimine; delamanid; pretomanid | Rv0407 c.960T>C | other_variants, ethionamide | Rv0565c c.390G>A | other_variants, rifampicin | Rv0667 c.-257C>T | other_variants, rifampicin | Rv0667 c.-61C>T | other_variants, rifampicin | Rv0667 c.2628T>G | other_variants, rifampicin | Rv0667 c.3225T>C | other_variants, bedaquiline; clofazimine | Rv0676c p.Ile948Val | other_variants, bedaquiline; clofazimine | Rv0676c p.Thr794Ile | other_variants, streptomycin | Rv0682 c.-165T>C | other_variants, isoniazid; rifampicin; levofloxacin; moxifloxacin; ofloxacin | Rv1129c c.-28T>C | other_variants, streptomycin; amikacin; kanamycin; capreomycin | EBG00000313325 n.-187C>T | other_variants, linezolid | Rv1644 p.Leu232Pro | other_variants, capreomycin | Rv1694 c.33A>G | other_variants, isoniazid | Rv1908c p.Arg463Leu | other_variants, isoniazid | Rv1908c p.Arg253Gln | other_variants, pyrazinamide | Rv1918c p.Leu896Ser | other_variants, bedaquiline; clofazimine | Rv1979c c.-129A>G | other_variants, bedaquiline; clofazimine | Rv1979c c.-619T>C | other_variants, pyrazinamide | Rv2043c c.-125delC | other_variants, isoniazid | Rv2428 c.-88G>A | other_variants, rifampicin; ethambutol; streptomycin; levofloxacin; moxifloxacin; ofloxacin; amikacin; kanamycin | Rv2477c c.1545C>T | other_variants, cycloserine | Rv2780 c.-32T>C | other_variants, rifampicin; bedaquiline | Rv3245c p.Met517Leu | other_variants, pyrazinamide | Rv3601c c.-591C>T | other_variants, isoniazid; rifampicin; ethambutol; streptomycin; levofloxacin; moxifloxacin; ofloxacin | Rv3696c c.1134C>T | other_variants, ethambutol | Rv3793 p.Arg738Gln | other_variants, ethambutol | Rv3793 c.2781C>T | other_variants, amikacin; kanamycin; capreomycin | Rv3862c c.-75delG | other_variants, amikacin; kanamycin; capreomycin | Rv3862c c.-211C>T | other_variants, streptomycin | Rv3919c c.615A>G | other_variants	Rv3919c p.Ala200Glu, Rv0006 p.Glu21Gln, Rv0006 p.Ser95Thr, Rv0006 p.Gly668Asp, Rv0006 p.Gly809Ala, Rv0407 c.960T>C, Rv0565c c.390G>A, Rv0667 c.-257C>T, Rv0667 c.-61C>T, Rv0667 c.2628T>G, Rv0667 c.3225T>C, Rv0676c p.Ile948Val, Rv0676c p.Thr794Ile, Rv0682 c.-165T>C, Rv1129c c.-28T>C, EBG00000313325 n.-187C>T, Rv1644 p.Leu232Pro, Rv1694 c.33A>G, Rv1908c p.Arg463Leu, Rv1908c p.Arg253Gln, Rv1918c p.Leu896Ser, Rv1979c c.-129A>G, Rv1979c c.-619T>C, Rv2043c c.-125delC, Rv2428 c.-88G>A, Rv2477c c.1545C>T, Rv2780 c.-32T>C, Rv3245c p.Met517Leu, Rv3601c c.-591C>T, Rv3696c c.1134C>T, Rv3793 p.Arg738Gln, Rv3793 c.2781C>T, Rv3862c c.-75delG, Rv3862c c.-211C>T, Rv3919c c.615A>G	success
0023_SRR12882580	No resistance detected by TB-Profiler	None reported	levofloxacin; moxifloxacin; ofloxacin | Rv0006 p.Glu21Gln | other_variants, levofloxacin; moxifloxacin; ofloxacin | Rv0006 p.Ser95Thr | other_variants, levofloxacin; moxifloxacin; ofloxacin | Rv0006 p.Pro123Gln | other_variants, levofloxacin; moxifloxacin; ofloxacin | Rv0006 p.Gly668Asp | other_variants, clofazimine; delamanid; pretomanid | Rv0407 c.960T>C | other_variants, ethionamide | Rv0565c c.390G>A | other_variants, rifampicin | Rv0667 c.-61C>T | other_variants, rifampicin | Rv0667 c.2628T>G | other_variants, rifampicin | Rv0667 c.3225T>C | other_variants, bedaquiline; clofazimine | Rv0676c p.Ile948Val | other_variants, bedaquiline; clofazimine | Rv0676c p.Thr794Ile | other_variants, streptomycin | Rv0682 c.-165T>C | other_variants, isoniazid; rifampicin; levofloxacin; moxifloxacin; ofloxacin | Rv1129c c.-28T>C | other_variants, streptomycin; amikacin; kanamycin; capreomycin | EBG00000313325 n.-187C>T | other_variants, linezolid | Rv1644 p.Leu232Pro | other_variants, capreomycin | Rv1694 c.33A>G | other_variants, isoniazid | Rv1908c p.Arg463Leu | other_variants, pyrazinamide | Rv1918c p.Leu896Ser | other_variants, pyrazinamide | Rv1918c p.Gly51Glu | other_variants, bedaquiline; clofazimine | Rv1979c c.-129A>G | other_variants, pyrazinamide | Rv2043c c.195C>T | other_variants, pyrazinamide | Rv2043c c.-125delC | other_variants, isoniazid | Rv2428 c.-88G>A | other_variants, rifampicin; ethambutol; streptomycin; levofloxacin; moxifloxacin; ofloxacin; amikacin; kanamycin | Rv2477c c.1545C>T | other_variants, cycloserine | Rv2780 c.-32T>C | other_variants, rifampicin; bedaquiline | Rv3245c p.Met517Leu | other_variants, pyrazinamide | Rv3601c c.-591C>T | other_variants, isoniazid; rifampicin; ethambutol; streptomycin; levofloxacin; moxifloxacin; ofloxacin | Rv3696c c.1134C>T | other_variants, ethambutol | Rv3793 p.Val104Met | other_variants, ethambutol | Rv3793 p.Arg567His | other_variants, ethambutol | Rv3793 p.Arg738Gln | other_variants, ethambutol | Rv3793 c.2781C>T | other_variants, amikacin; kanamycin; capreomycin | Rv3862c c.-75delG | other_variants, amikacin; kanamycin; capreomycin | Rv3862c c.-211C>T | other_variants, streptomycin | Rv3919c c.615A>G | other_variants	Rv0006 p.Glu21Gln, Rv0006 p.Ser95Thr, Rv0006 p.Pro123Gln, Rv0006 p.Gly668Asp, Rv0407 c.960T>C, Rv0565c c.390G>A, Rv0667 c.-61C>T, Rv0667 c.2628T>G, Rv0667 c.3225T>C, Rv0676c p.Ile948Val, Rv0676c p.Thr794Ile, Rv0682 c.-165T>C, Rv1129c c.-28T>C, EBG00000313325 n.-187C>T, Rv1644 p.Leu232Pro, Rv1694 c.33A>G, Rv1908c p.Arg463Leu, Rv1918c p.Leu896Ser, Rv1918c p.Gly51Glu, Rv1979c c.-129A>G, Rv2043c c.195C>T, Rv2043c c.-125delC, Rv2428 c.-88G>A, Rv2477c c.1545C>T, Rv2780 c.-32T>C, Rv3245c p.Met517Leu, Rv3601c c.-591C>T, Rv3696c c.1134C>T, Rv3793 p.Val104Met, Rv3793 p.Arg567His, Rv3793 p.Arg738Gln, Rv3793 c.2781C>T, Rv3862c c.-75delG, Rv3862c c.-211C>T, Rv3919c c.615A>G	success
0024_SRR12882583	No resistance detected by TB-Profiler	None reported	levofloxacin; moxifloxacin; ofloxacin | Rv0006 p.Glu21Gln | other_variants, levofloxacin; moxifloxacin; ofloxacin | Rv0006 p.Ser95Thr | other_variants, levofloxacin; moxifloxacin; ofloxacin | Rv0006 p.Gly668Asp | other_variants, clofazimine; delamanid; pretomanid | Rv0407 c.960T>C | other_variants, amikacin; kanamycin; capreomycin | Rv0529 c.126C>T | other_variants, ethionamide | Rv0565c c.390G>A | other_variants, rifampicin | Rv0667 c.-61C>T | other_variants, rifampicin | Rv0667 c.2628T>G | other_variants, rifampicin | Rv0667 c.3225T>C | other_variants, bedaquiline; clofazimine | Rv0676c p.Ile948Val | other_variants, bedaquiline; clofazimine | Rv0676c p.Thr794Ile | other_variants, streptomycin | Rv0682 c.-165T>C | other_variants, isoniazid; rifampicin; levofloxacin; moxifloxacin; ofloxacin | Rv1129c c.-28T>C | other_variants, streptomycin; amikacin; kanamycin; capreomycin | EBG00000313325 n.-187C>T | other_variants, linezolid | Rv1644 p.Leu232Pro | other_variants, capreomycin | Rv1694 c.33A>G | other_variants, isoniazid | Rv1908c p.Arg463Leu | other_variants, pyrazinamide | Rv1918c p.Leu896Ser | other_variants, pyrazinamide | Rv1918c p.Gly51Glu | other_variants, bedaquiline; clofazimine | Rv1979c c.-129A>G | other_variants, pyrazinamide | Rv2043c c.195C>T | other_variants, pyrazinamide | Rv2043c c.-125delC | other_variants, isoniazid | Rv2428 c.-88G>A | other_variants, rifampicin; ethambutol; streptomycin; levofloxacin; moxifloxacin; ofloxacin; amikacin; kanamycin | Rv2477c c.1545C>T | other_variants, cycloserine | Rv2780 c.-32T>C | other_variants, rifampicin; bedaquiline | Rv3245c p.Met517Leu | other_variants, pyrazinamide | Rv3601c c.-591C>T | other_variants, isoniazid; rifampicin; ethambutol; streptomycin; levofloxacin; moxifloxacin; ofloxacin | Rv3696c c.1134C>T | other_variants, ethambutol | Rv3793 p.Val104Met | other_variants, ethambutol | Rv3793 p.Arg567His | other_variants, ethambutol | Rv3793 p.Arg738Gln | other_variants, ethambutol | Rv3793 c.2781C>T | other_variants, amikacin; kanamycin; capreomycin | Rv3862c c.-75delG | other_variants, amikacin; kanamycin; capreomycin | Rv3862c c.-211C>T | other_variants, amikacin; kanamycin; capreomycin | Rv3862c c.-325T>G | other_variants, streptomycin | Rv3919c c.615A>G | other_variants	Rv0006 p.Glu21Gln, Rv0006 p.Ser95Thr, Rv0006 p.Gly668Asp, Rv0407 c.960T>C, Rv0529 c.126C>T, Rv0565c c.390G>A, Rv0667 c.-61C>T, Rv0667 c.2628T>G, Rv0667 c.3225T>C, Rv0676c p.Ile948Val, Rv0676c p.Thr794Ile, Rv0682 c.-165T>C, Rv1129c c.-28T>C, EBG00000313325 n.-187C>T, Rv1644 p.Leu232Pro, Rv1694 c.33A>G, Rv1908c p.Arg463Leu, Rv1918c p.Leu896Ser, Rv1918c p.Gly51Glu, Rv1979c c.-129A>G, Rv2043c c.195C>T, Rv2043c c.-125delC, Rv2428 c.-88G>A, Rv2477c c.1545C>T, Rv2780 c.-32T>C, Rv3245c p.Met517Leu, Rv3601c c.-591C>T, Rv3696c c.1134C>T, Rv3793 p.Val104Met, Rv3793 p.Arg567His, Rv3793 p.Arg738Gln, Rv3793 c.2781C>T, Rv3862c c.-75delG, Rv3862c c.-211C>T, Rv3862c c.-325T>G, Rv3919c c.615A>G	success
0025_SRR12882700	No resistance detected by TB-Profiler	None reported	levofloxacin; moxifloxacin; ofloxacin | Rv0006 p.Glu21Gln | other_variants, levofloxacin; moxifloxacin; ofloxacin | Rv0006 p.Ser95Thr | other_variants, levofloxacin; moxifloxacin; ofloxacin | Rv0006 p.Gly668Asp | other_variants, clofazimine; delamanid; pretomanid | Rv0407 c.-78T>C | other_variants, clofazimine; delamanid; pretomanid | Rv0407 c.960T>C | other_variants, ethionamide | Rv0565c c.390G>A | other_variants, rifampicin | Rv0667 c.-61C>T | other_variants, rifampicin | Rv0667 c.1386C>T | other_variants, rifampicin | Rv0667 c.2628T>G | other_variants, rifampicin | Rv0667 c.3225T>C | other_variants, bedaquiline; clofazimine | Rv0676c p.Ile948Val | other_variants, bedaquiline; clofazimine | Rv0676c p.Thr794Ile | other_variants, streptomycin | Rv0682 c.-165T>C | other_variants, isoniazid; rifampicin; levofloxacin; moxifloxacin; ofloxacin | Rv1129c c.-28T>C | other_variants, streptomycin; amikacin; kanamycin; capreomycin | EBG00000313325 n.-187C>T | other_variants, linezolid | Rv1644 p.Leu232Pro | other_variants, capreomycin | Rv1694 c.33A>G | other_variants, isoniazid | Rv1908c p.Arg463Leu | other_variants, pyrazinamide | Rv1918c p.Leu896Ser | other_variants, pyrazinamide | Rv1918c p.Gly51Glu | other_variants, pyrazinamide | Rv1918c c.-144G>A | other_variants, bedaquiline; clofazimine | Rv1979c c.-129A>G | other_variants, pyrazinamide | Rv2043c c.195C>T | other_variants, pyrazinamide | Rv2043c c.-125delC | other_variants, isoniazid | Rv2428 c.-88G>A | other_variants, rifampicin; ethambutol; streptomycin; levofloxacin; moxifloxacin; ofloxacin; amikacin; kanamycin | Rv2477c c.1545C>T | other_variants, cycloserine | Rv2780 c.-32T>C | other_variants, rifampicin; bedaquiline | Rv3245c p.Met517Leu | other_variants, pyrazinamide | Rv3601c c.-591C>T | other_variants, isoniazid; rifampicin; ethambutol; streptomycin; levofloxacin; moxifloxacin; ofloxacin | Rv3696c c.1134C>T | other_variants, ethambutol | Rv3793 p.Val104Met | other_variants, ethambutol | Rv3793 p.Arg567His | other_variants, ethambutol | Rv3793 p.Arg738Gln | other_variants, ethambutol | Rv3793 c.2781C>T | other_variants, amikacin; kanamycin; capreomycin | Rv3862c c.-75delG | other_variants, amikacin; kanamycin; capreomycin | Rv3862c c.-211C>T | other_variants, streptomycin | Rv3919c c.615A>G | other_variants, streptomycin | Rv3919c p.Arg154Gln | other_variants	Rv0006 p.Glu21Gln, Rv0006 p.Ser95Thr, Rv0006 p.Gly668Asp, Rv0407 c.-78T>C, Rv0407 c.960T>C, Rv0565c c.390G>A, Rv0667 c.-61C>T, Rv0667 c.1386C>T, Rv0667 c.2628T>G, Rv0667 c.3225T>C, Rv0676c p.Ile948Val, Rv0676c p.Thr794Ile, Rv0682 c.-165T>C, Rv1129c c.-28T>C, EBG00000313325 n.-187C>T, Rv1644 p.Leu232Pro, Rv1694 c.33A>G, Rv1908c p.Arg463Leu, Rv1918c p.Leu896Ser, Rv1918c p.Gly51Glu, Rv1918c c.-144G>A, Rv1979c c.-129A>G, Rv2043c c.195C>T, Rv2043c c.-125delC, Rv2428 c.-88G>A, Rv2477c c.1545C>T, Rv2780 c.-32T>C, Rv3245c p.Met517Leu, Rv3601c c.-591C>T, Rv3696c c.1134C>T, Rv3793 p.Val104Met, Rv3793 p.Arg567His, Rv3793 p.Arg738Gln, Rv3793 c.2781C>T, Rv3862c c.-75delG, Rv3862c c.-211C>T, Rv3919c c.615A>G, Rv3919c p.Arg154Gln	success
0026_SRR12882715	No resistance detected by TB-Profiler	None reported	levofloxacin; moxifloxacin; ofloxacin | Rv0006 p.Glu21Gln | other_variants, levofloxacin; moxifloxacin; ofloxacin | Rv0006 p.Ser95Thr | other_variants, levofloxacin; moxifloxacin; ofloxacin | Rv0006 p.Gly668Asp | other_variants, isoniazid | Rv0010c c.309G>A | other_variants, clofazimine; delamanid; pretomanid | Rv0407 c.960T>C | other_variants, isoniazid; ethionamide | Rv0486 c.-448G>C | other_variants, isoniazid; ethionamide | Rv0486 p.Arg266Cys | other_variants, ethionamide | Rv0565c c.390G>A | other_variants, rifampicin | Rv0667 c.2628T>G | other_variants, rifampicin | Rv0667 c.3225T>C | other_variants, bedaquiline; clofazimine | Rv0676c p.Ile948Val | other_variants, bedaquiline; clofazimine | Rv0676c p.Thr794Ile | other_variants, streptomycin | Rv0682 c.-165T>C | other_variants, isoniazid; rifampicin; levofloxacin; moxifloxacin; ofloxacin | Rv1129c p.Thr131Pro | other_variants, isoniazid; rifampicin; levofloxacin; moxifloxacin; ofloxacin | Rv1129c c.-28T>C | other_variants, streptomycin; amikacin; kanamycin; capreomycin | EBG00000313325 n.-187C>T | other_variants, streptomycin; amikacin; kanamycin; capreomycin | EBG00000313325 n.1012A>G | other_variants, linezolid | Rv1644 p.Leu232Pro | other_variants, capreomycin | Rv1694 c.33A>G | other_variants, isoniazid | Rv1908c p.Arg463Leu | other_variants, pyrazinamide | Rv1918c p.Leu896Ser | other_variants, bedaquiline; clofazimine | Rv1979c c.-129A>G | other_variants, pyrazinamide | Rv2043c c.-125delC | other_variants, amikacin; kanamycin | Rv2416c c.1041C>T | other_variants, isoniazid | Rv2428 c.-88G>A | other_variants, rifampicin; ethambutol; streptomycin; levofloxacin; moxifloxacin; ofloxacin; amikacin; kanamycin | Rv2477c c.1545C>T | other_variants, capreomycin | Rv2681 c.1009_1011delCCG | other_variants, cycloserine | Rv2780 c.-32T>C | other_variants, rifampicin; bedaquiline | Rv3245c p.Met517Leu | other_variants, clofazimine; delamanid; pretomanid | Rv3262 c.564G>A | other_variants, cycloserine | Rv3423c p.Pro238Gln | other_variants, ethambutol | Rv3793 p.Arg738Gln | other_variants, ethambutol | Rv3793 c.2781C>T | other_variants, ethambutol | Rv3794 c.1908C>T | other_variants, ethambutol | Rv3794 p.Gly884Asp | other_variants, amikacin; kanamycin; capreomycin | Rv3862c c.-75delG | other_variants, amikacin; kanamycin; capreomycin | Rv3862c c.-211C>T | other_variants, streptomycin | Rv3919c c.615A>G | other_variants	Rv0006 p.Glu21Gln, Rv0006 p.Ser95Thr, Rv0006 p.Gly668Asp, Rv0010c c.309G>A, Rv0407 c.960T>C, Rv0486 c.-448G>C, Rv0486 p.Arg266Cys, Rv0565c c.390G>A, Rv0667 c.2628T>G, Rv0667 c.3225T>C, Rv0676c p.Ile948Val, Rv0676c p.Thr794Ile, Rv0682 c.-165T>C, Rv1129c p.Thr131Pro, Rv1129c c.-28T>C, EBG00000313325 n.-187C>T, EBG00000313325 n.1012A>G, Rv1644 p.Leu232Pro, Rv1694 c.33A>G, Rv1908c p.Arg463Leu, Rv1918c p.Leu896Ser, Rv1979c c.-129A>G, Rv2043c c.-125delC, Rv2416c c.1041C>T, Rv2428 c.-88G>A, Rv2477c c.1545C>T, Rv2681 c.1009_1011delCCG, Rv2780 c.-32T>C, Rv3245c p.Met517Leu, Rv3262 c.564G>A, Rv3423c p.Pro238Gln, Rv3793 p.Arg738Gln, Rv3793 c.2781C>T, Rv3794 c.1908C>T, Rv3794 p.Gly884Asp, Rv3862c c.-75delG, Rv3862c c.-211C>T, Rv3919c c.615A>G	success
0027_SRR1791710	Monoresistance	pyrazinamide	pyrazinamide | Rv2043c p.His57Asp | dr_variants, isoniazid | Rv0001 c.45G>A | other_variants, isoniazid | Rv0001 p.His156Arg | other_variants, levofloxacin; moxifloxacin; ofloxacin | Rv0005 c.513G>A | other_variants, levofloxacin; moxifloxacin; ofloxacin | Rv0005 c.1167C>T | other_variants, levofloxacin; moxifloxacin; ofloxacin | Rv0005 p.Ala403Ser | other_variants, levofloxacin; moxifloxacin; ofloxacin | Rv0006 p.Glu21Gln | other_variants, levofloxacin; moxifloxacin; ofloxacin | Rv0006 p.Ser95Thr | other_variants, levofloxacin; moxifloxacin; ofloxacin | Rv0006 c.984C>T | other_variants, levofloxacin; moxifloxacin; ofloxacin | Rv0006 c.1842T>C | other_variants, levofloxacin; moxifloxacin; ofloxacin | Rv0006 p.Gly668Asp | other_variants, isoniazid | Rv0010c p.Thr121Ser | other_variants, isoniazid | Rv0010c c.330delG | other_variants, isoniazid | Rv0010c p.Thr34Met | other_variants, isoniazid | Rv0010c c.99T>C | other_variants, clofazimine; delamanid; pretomanid | Rv0407 c.960T>C | other_variants, ethionamide | Rv0565c p.Cys298Arg | other_variants, ethionamide | Rv0565c c.-108T>C | other_variants, rifampicin | Rv0667 c.-218G>A | other_variants, rifampicin | Rv0667 c.3225T>C | other_variants, bedaquiline; clofazimine | Rv0676c p.Ile948Val | other_variants, bedaquiline; clofazimine | Rv0676c p.Thr794Ile | other_variants, streptomycin | Rv0682 c.-165T>C | other_variants, isoniazid; rifampicin; levofloxacin; moxifloxacin; ofloxacin | Rv1129c c.-28T>C | other_variants, isoniazid; rifampicin; levofloxacin; moxifloxacin; ofloxacin | Rv1129c c.-48A>G | other_variants, clofazimine; delamanid; pretomanid | Rv1173 c.-32A>G | other_variants, ethambutol | Rv1267c p.Gly244Asp | other_variants, ethambutol | Rv1267c c.-207C>G | other_variants, streptomycin; amikacin; kanamycin; capreomycin | EBG00000313325 n.-187C>T | other_variants, capreomycin; linezolid | EBG00000313339 n.3071T>C | other_variants, isoniazid; ethionamide | Rv1484 p.Arg195Gln | other_variants, pyrazinamide | Rv1630 p.Ala440Thr | other_variants, linezolid | Rv1644 p.Leu232Pro | other_variants, capreomycin | Rv1694 c.33A>G | other_variants, streptomycin; amikacin; kanamycin; capreomycin | Rv1819c p.Ile603Val | other_variants, isoniazid; ethionamide; delamanid | Rv1854c c.-132delG | other_variants, isoniazid | Rv1908c p.Arg463Leu | other_variants, isoniazid | Rv1908c c.609C>T | other_variants, isoniazid | Rv1908c c.87C>A | other_variants, isoniazid | Rv1908c c.-354C>T | other_variants, pyrazinamide | Rv1918c p.Leu896Ser | other_variants, pyrazinamide | Rv1918c p.Ser868Arg | other_variants, pyrazinamide | Rv1918c c.1798dupA | other_variants, bedaquiline; clofazimine | Rv1979c p.Asp286Gly | other_variants, bedaquiline; clofazimine | Rv1979c c.-129A>G | other_variants, isoniazid | Rv2245 c.18C>T | other_variants, amikacin; kanamycin | Rv2416c p.Met61Val | other_variants, rifampicin; ethambutol; streptomycin; levofloxacin; moxifloxacin; ofloxacin; amikacin; kanamycin | Rv2477c c.1116A>G | other_variants, capreomycin | Rv2681 p.Ala196Val | other_variants, cycloserine | Rv2780 c.-92C>T | other_variants, cycloserine | Rv2780 c.-32T>C | other_variants, cycloserine | Rv2780 c.266delA | other_variants, ethionamide | Rv3083 p.Val94Ile | other_variants, streptomycin; amikacin; kanamycin | Rv3197A c.-594_249del | other_variants, rifampicin; bedaquiline | Rv3244c p.Ser394Leu | other_variants, rifampicin; bedaquiline | Rv3244c c.561G>T | other_variants, rifampicin; bedaquiline | Rv3244c p.Asp142Gly | other_variants, rifampicin; bedaquiline | Rv3244c c.318G>A | other_variants, rifampicin; bedaquiline | Rv3244c c.201G>A | other_variants, rifampicin; bedaquiline | Rv3245c p.Met517Leu | other_variants, pyrazinamide | Rv3596c c.2302T>C | other_variants, isoniazid; rifampicin; ethambutol; streptomycin; levofloxacin; moxifloxacin; ofloxacin | Rv3696c p.Val460Ala | other_variants, ethambutol | Rv3793 p.Thr270Ile | other_variants, ethambutol | Rv3793 c.2781C>T | other_variants, ethambutol | Rv3793 c.3108C>T | other_variants, ethambutol | Rv3794 c.988C>T | other_variants, ethambutol | Rv3795 p.Asn13Ser | other_variants, ethambutol | Rv3795 c.351C>T | other_variants, ethambutol | Rv3795 p.Glu378Ala | other_variants, ethambutol | Rv3805c p.Arg601His | other_variants, ethambutol | Rv3805c p.Ile327Val | other_variants, ethambutol | Rv3806c c.483C>T | other_variants, ethambutol | Rv3806c p.Glu149Asp | other_variants, ethambutol | Rv3806c c.228T>C | other_variants, amikacin; kanamycin; capreomycin | Rv3862c c.-75delG | other_variants, amikacin; kanamycin; capreomycin | Rv3862c c.-211C>T | other_variants, streptomycin | Rv3919c c.615A>G | other_variants, streptomycin | Rv3919c c.-59G>A | other_variants	Rv2043c p.His57Asp, Rv0001 c.45G>A, Rv0001 p.His156Arg, Rv0005 c.513G>A, Rv0005 c.1167C>T, Rv0005 p.Ala403Ser, Rv0006 p.Glu21Gln, Rv0006 p.Ser95Thr, Rv0006 c.984C>T, Rv0006 c.1842T>C, Rv0006 p.Gly668Asp, Rv0010c p.Thr121Ser, Rv0010c c.330delG, Rv0010c p.Thr34Met, Rv0010c c.99T>C, Rv0407 c.960T>C, Rv0565c p.Cys298Arg, Rv0565c c.-108T>C, Rv0667 c.-218G>A, Rv0667 c.3225T>C, Rv0676c p.Ile948Val, Rv0676c p.Thr794Ile, Rv0682 c.-165T>C, Rv1129c c.-28T>C, Rv1129c c.-48A>G, Rv1173 c.-32A>G, Rv1267c p.Gly244Asp, Rv1267c c.-207C>G, EBG00000313325 n.-187C>T, EBG00000313339 n.3071T>C, Rv1484 p.Arg195Gln, Rv1630 p.Ala440Thr, Rv1644 p.Leu232Pro, Rv1694 c.33A>G, Rv1819c p.Ile603Val, Rv1854c c.-132delG, Rv1908c p.Arg463Leu, Rv1908c c.609C>T, Rv1908c c.87C>A, Rv1908c c.-354C>T, Rv1918c p.Leu896Ser, Rv1918c p.Ser868Arg, Rv1918c c.1798dupA, Rv1979c p.Asp286Gly, Rv1979c c.-129A>G, Rv2245 c.18C>T, Rv2416c p.Met61Val, Rv2477c c.1116A>G, Rv2681 p.Ala196Val, Rv2780 c.-92C>T, Rv2780 c.-32T>C, Rv2780 c.266delA, Rv3083 p.Val94Ile, Rv3197A c.-594_249del, Rv3244c p.Ser394Leu, Rv3244c c.561G>T, Rv3244c p.Asp142Gly, Rv3244c c.318G>A, Rv3244c c.201G>A, Rv3245c p.Met517Leu, Rv3596c c.2302T>C, Rv3696c p.Val460Ala, Rv3793 p.Thr270Ile, Rv3793 c.2781C>T, Rv3793 c.3108C>T, Rv3794 c.988C>T, Rv3795 p.Asn13Ser, Rv3795 c.351C>T, Rv3795 p.Glu378Ala, Rv3805c p.Arg601His, Rv3805c p.Ile327Val, Rv3806c c.483C>T, Rv3806c p.Glu149Asp, Rv3806c c.228T>C, Rv3862c c.-75delG, Rv3862c c.-211C>T, Rv3919c c.615A>G, Rv3919c c.-59G>A	success
0028_SRR1791712	Monoresistance	pyrazinamide	pyrazinamide | Rv2043c p.His57Asp | dr_variants, isoniazid | Rv0001 c.45G>A | other_variants, isoniazid | Rv0001 p.His156Arg | other_variants, levofloxacin; moxifloxacin; ofloxacin | Rv0005 c.513G>A | other_variants, levofloxacin; moxifloxacin; ofloxacin | Rv0005 c.1167C>T | other_variants, levofloxacin; moxifloxacin; ofloxacin | Rv0005 p.Ala403Ser | other_variants, levofloxacin; moxifloxacin; ofloxacin | Rv0006 p.Glu21Gln | other_variants, levofloxacin; moxifloxacin; ofloxacin | Rv0006 p.Ser95Thr | other_variants, levofloxacin; moxifloxacin; ofloxacin | Rv0006 c.984C>T | other_variants, levofloxacin; moxifloxacin; ofloxacin | Rv0006 c.1842T>C | other_variants, levofloxacin; moxifloxacin; ofloxacin | Rv0006 p.Gly668Asp | other_variants, isoniazid | Rv0010c p.Thr121Ser | other_variants, isoniazid | Rv0010c c.330delG | other_variants, isoniazid | Rv0010c p.Thr34Met | other_variants, isoniazid | Rv0010c c.99T>C | other_variants, clofazimine; delamanid; pretomanid | Rv0407 c.960T>C | other_variants, ethionamide | Rv0565c p.Cys298Arg | other_variants, ethionamide | Rv0565c c.-108T>C | other_variants, rifampicin | Rv0667 c.-218G>A | other_variants, rifampicin | Rv0667 c.3225T>C | other_variants, bedaquiline; clofazimine | Rv0676c p.Ile948Val | other_variants, bedaquiline; clofazimine | Rv0676c p.Thr794Ile | other_variants, streptomycin | Rv0682 c.-165T>C | other_variants, isoniazid; rifampicin; levofloxacin; moxifloxacin; ofloxacin | Rv1129c c.-28T>C | other_variants, isoniazid; rifampicin; levofloxacin; moxifloxacin; ofloxacin | Rv1129c c.-48A>G | other_variants, clofazimine; delamanid; pretomanid | Rv1173 c.-32A>G | other_variants, ethambutol | Rv1267c p.Gly244Asp | other_variants, ethambutol | Rv1267c c.-207C>G | other_variants, streptomycin; amikacin; kanamycin; capreomycin | EBG00000313325 n.-187C>T | other_variants, capreomycin; linezolid | EBG00000313339 n.3071T>C | other_variants, isoniazid; ethionamide | Rv1484 p.Arg195Gln | other_variants, pyrazinamide | Rv1630 p.Ala440Thr | other_variants, linezolid | Rv1644 p.Leu232Pro | other_variants, capreomycin | Rv1694 c.33A>G | other_variants, streptomycin; amikacin; kanamycin; capreomycin | Rv1819c p.Ile603Val | other_variants, isoniazid; ethionamide; delamanid | Rv1854c c.-132delG | other_variants, isoniazid | Rv1908c p.Arg463Leu | other_variants, isoniazid | Rv1908c c.609C>T | other_variants, isoniazid | Rv1908c c.87C>A | other_variants, isoniazid | Rv1908c c.-354C>T | other_variants, pyrazinamide | Rv1918c p.Leu896Ser | other_variants, pyrazinamide | Rv1918c p.Ser868Arg | other_variants, pyrazinamide | Rv1918c c.1798dupA | other_variants, bedaquiline; clofazimine | Rv1979c p.Asp286Gly | other_variants, bedaquiline; clofazimine | Rv1979c c.-129A>G | other_variants, isoniazid | Rv2245 c.18C>T | other_variants, amikacin; kanamycin | Rv2416c p.Met61Val | other_variants, rifampicin; ethambutol; streptomycin; levofloxacin; moxifloxacin; ofloxacin; amikacin; kanamycin | Rv2477c c.1116A>G | other_variants, capreomycin | Rv2681 p.Ala196Val | other_variants, cycloserine | Rv2780 c.-92C>T | other_variants, cycloserine | Rv2780 c.-32T>C | other_variants, cycloserine | Rv2780 c.266delA | other_variants, ethionamide | Rv3083 p.Val94Ile | other_variants, streptomycin; amikacin; kanamycin | Rv3197A c.-594_249del | other_variants, rifampicin; bedaquiline | Rv3244c p.Ser394Leu | other_variants, rifampicin; bedaquiline | Rv3244c c.561G>T | other_variants, rifampicin; bedaquiline | Rv3244c p.Asp142Gly | other_variants, rifampicin; bedaquiline | Rv3244c c.318G>A | other_variants, rifampicin; bedaquiline | Rv3244c c.201G>A | other_variants, rifampicin; bedaquiline | Rv3245c p.Met517Leu | other_variants, pyrazinamide | Rv3596c c.2302T>C | other_variants, isoniazid; rifampicin; ethambutol; streptomycin; levofloxacin; moxifloxacin; ofloxacin | Rv3696c p.Val460Ala | other_variants, ethambutol | Rv3793 c.2781C>T | other_variants, ethambutol | Rv3793 c.3108C>T | other_variants, ethambutol | Rv3794 c.988C>T | other_variants, ethambutol | Rv3795 p.Asn13Ser | other_variants, ethambutol | Rv3795 c.351C>T | other_variants, ethambutol | Rv3795 p.Glu378Ala | other_variants, ethambutol | Rv3805c p.Arg601His | other_variants, ethambutol | Rv3805c p.Ile327Val | other_variants, ethambutol | Rv3806c c.483C>T | other_variants, ethambutol | Rv3806c p.Glu149Asp | other_variants, ethambutol | Rv3806c c.228T>C | other_variants, amikacin; kanamycin; capreomycin | Rv3862c c.-75delG | other_variants, amikacin; kanamycin; capreomycin | Rv3862c c.-211C>T | other_variants, streptomycin | Rv3919c c.615A>G | other_variants, streptomycin | Rv3919c c.-59G>A | other_variants	Rv2043c p.His57Asp, Rv0001 c.45G>A, Rv0001 p.His156Arg, Rv0005 c.513G>A, Rv0005 c.1167C>T, Rv0005 p.Ala403Ser, Rv0006 p.Glu21Gln, Rv0006 p.Ser95Thr, Rv0006 c.984C>T, Rv0006 c.1842T>C, Rv0006 p.Gly668Asp, Rv0010c p.Thr121Ser, Rv0010c c.330delG, Rv0010c p.Thr34Met, Rv0010c c.99T>C, Rv0407 c.960T>C, Rv0565c p.Cys298Arg, Rv0565c c.-108T>C, Rv0667 c.-218G>A, Rv0667 c.3225T>C, Rv0676c p.Ile948Val, Rv0676c p.Thr794Ile, Rv0682 c.-165T>C, Rv1129c c.-28T>C, Rv1129c c.-48A>G, Rv1173 c.-32A>G, Rv1267c p.Gly244Asp, Rv1267c c.-207C>G, EBG00000313325 n.-187C>T, EBG00000313339 n.3071T>C, Rv1484 p.Arg195Gln, Rv1630 p.Ala440Thr, Rv1644 p.Leu232Pro, Rv1694 c.33A>G, Rv1819c p.Ile603Val, Rv1854c c.-132delG, Rv1908c p.Arg463Leu, Rv1908c c.609C>T, Rv1908c c.87C>A, Rv1908c c.-354C>T, Rv1918c p.Leu896Ser, Rv1918c p.Ser868Arg, Rv1918c c.1798dupA, Rv1979c p.Asp286Gly, Rv1979c c.-129A>G, Rv2245 c.18C>T, Rv2416c p.Met61Val, Rv2477c c.1116A>G, Rv2681 p.Ala196Val, Rv2780 c.-92C>T, Rv2780 c.-32T>C, Rv2780 c.266delA, Rv3083 p.Val94Ile, Rv3197A c.-594_249del, Rv3244c p.Ser394Leu, Rv3244c c.561G>T, Rv3244c p.Asp142Gly, Rv3244c c.318G>A, Rv3244c c.201G>A, Rv3245c p.Met517Leu, Rv3596c c.2302T>C, Rv3696c p.Val460Ala, Rv3793 c.2781C>T, Rv3793 c.3108C>T, Rv3794 c.988C>T, Rv3795 p.Asn13Ser, Rv3795 c.351C>T, Rv3795 p.Glu378Ala, Rv3805c p.Arg601His, Rv3805c p.Ile327Val, Rv3806c c.483C>T, Rv3806c p.Glu149Asp, Rv3806c c.228T>C, Rv3862c c.-75delG, Rv3862c c.-211C>T, Rv3919c c.615A>G, Rv3919c c.-59G>A	success
0029_SRR19358248	No resistance detected by TB-Profiler	None reported	levofloxacin; moxifloxacin; ofloxacin | Rv0005 p.Asp110Glu | other_variants, levofloxacin; moxifloxacin; ofloxacin | Rv0006 p.Glu21Gln | other_variants, levofloxacin; moxifloxacin; ofloxacin | Rv0006 p.Ser95Thr | other_variants, levofloxacin; moxifloxacin; ofloxacin | Rv0006 p.Gly668Asp | other_variants, clofazimine; delamanid; pretomanid | Rv0407 c.960T>C | other_variants, ethionamide | Rv0565c c.390G>A | other_variants, rifampicin | Rv0667 c.-61C>T | other_variants, rifampicin | Rv0667 c.2628T>G | other_variants, rifampicin | Rv0667 c.3225T>C | other_variants, bedaquiline; clofazimine | Rv0676c p.Ile948Val | other_variants, bedaquiline; clofazimine | Rv0676c p.Thr794Ile | other_variants, streptomycin | Rv0682 c.-165T>C | other_variants, isoniazid; rifampicin; levofloxacin; moxifloxacin; ofloxacin | Rv1129c c.-28T>C | other_variants, streptomycin; amikacin; kanamycin; capreomycin | EBG00000313325 n.-187C>T | other_variants, linezolid | Rv1644 p.Leu232Pro | other_variants, capreomycin | Rv1694 c.33A>G | other_variants, isoniazid | Rv1908c p.Arg463Leu | other_variants, pyrazinamide | Rv1918c p.Leu896Ser | other_variants, pyrazinamide | Rv1918c p.Gly51Glu | other_variants, bedaquiline; clofazimine | Rv1979c c.-129A>G | other_variants, pyrazinamide | Rv2043c c.195C>T | other_variants, pyrazinamide | Rv2043c c.-125delC | other_variants, isoniazid | Rv2428 c.-88G>A | other_variants, rifampicin; ethambutol; streptomycin; levofloxacin; moxifloxacin; ofloxacin; amikacin; kanamycin | Rv2477c c.1545C>T | other_variants, cycloserine | Rv2780 c.-32T>C | other_variants, rifampicin; bedaquiline | Rv3245c p.Met517Leu | other_variants, pyrazinamide | Rv3601c c.-591C>T | other_variants, isoniazid; rifampicin; ethambutol; streptomycin; levofloxacin; moxifloxacin; ofloxacin | Rv3696c c.1134C>T | other_variants, ethambutol | Rv3793 p.Val104Met | other_variants, ethambutol | Rv3793 p.Arg567His | other_variants, ethambutol | Rv3793 p.Arg738Gln | other_variants, ethambutol | Rv3793 c.2781C>T | other_variants, ethambutol | Rv3794 p.Thr392Met | other_variants, amikacin; kanamycin; capreomycin | Rv3862c c.-75delG | other_variants, amikacin; kanamycin; capreomycin | Rv3862c c.-211C>T | other_variants, streptomycin | Rv3919c c.615A>G | other_variants	Rv0005 p.Asp110Glu, Rv0006 p.Glu21Gln, Rv0006 p.Ser95Thr, Rv0006 p.Gly668Asp, Rv0407 c.960T>C, Rv0565c c.390G>A, Rv0667 c.-61C>T, Rv0667 c.2628T>G, Rv0667 c.3225T>C, Rv0676c p.Ile948Val, Rv0676c p.Thr794Ile, Rv0682 c.-165T>C, Rv1129c c.-28T>C, EBG00000313325 n.-187C>T, Rv1644 p.Leu232Pro, Rv1694 c.33A>G, Rv1908c p.Arg463Leu, Rv1918c p.Leu896Ser, Rv1918c p.Gly51Glu, Rv1979c c.-129A>G, Rv2043c c.195C>T, Rv2043c c.-125delC, Rv2428 c.-88G>A, Rv2477c c.1545C>T, Rv2780 c.-32T>C, Rv3245c p.Met517Leu, Rv3601c c.-591C>T, Rv3696c c.1134C>T, Rv3793 p.Val104Met, Rv3793 p.Arg567His, Rv3793 p.Arg738Gln, Rv3793 c.2781C>T, Rv3794 p.Thr392Met, Rv3862c c.-75delG, Rv3862c c.-211C>T, Rv3919c c.615A>G	success
0030_SRR19392925	No resistance detected by TB-Profiler	None reported	levofloxacin; moxifloxacin; ofloxacin | Rv0005 p.Val301Leu | other_variants, levofloxacin; moxifloxacin; ofloxacin | Rv0006 p.Glu21Gln | other_variants, levofloxacin; moxifloxacin; ofloxacin | Rv0006 p.Ser95Thr | other_variants, levofloxacin; moxifloxacin; ofloxacin | Rv0006 p.Gly668Asp | other_variants, rifampicin | Rv0668 c.1626C>G | other_variants, bedaquiline; clofazimine | Rv0676c p.Ile948Val | other_variants, streptomycin | Rv0682 c.-165T>C | other_variants, streptomycin; amikacin; kanamycin; capreomycin | EBG00000313325 n.-187C>T | other_variants, capreomycin; linezolid | EBG00000313339 n.1457C>T | other_variants, linezolid | Rv1644 p.Leu232Pro | other_variants, bedaquiline; clofazimine | Rv1979c c.-129A>G | other_variants, Rv2764c p.Thr202Ala | other_variants, cycloserine | Rv2780 c.-32T>C | other_variants, pyrazinamide | Rv3236c p.Ala370Thr | other_variants, rifampicin; bedaquiline | Rv3245c p.Met517Leu | other_variants, cycloserine | Rv3423c c.630A>G | other_variants, pyrazinamide | Rv3596c c.2418C>T | other_variants, pyrazinamide | Rv3601c p.Ile115Thr | other_variants, ethambutol | Rv3793 c.2781C>T | other_variants, amikacin; kanamycin; capreomycin | Rv3862c c.-75delG | other_variants, amikacin; kanamycin; capreomycin | Rv3862c c.-211C>T | other_variants, streptomycin | Rv3919c p.Leu16Arg | other_variants	Rv0005 p.Val301Leu, Rv0006 p.Glu21Gln, Rv0006 p.Ser95Thr, Rv0006 p.Gly668Asp, Rv0668 c.1626C>G, Rv0676c p.Ile948Val, Rv0682 c.-165T>C, EBG00000313325 n.-187C>T, EBG00000313339 n.1457C>T, Rv1644 p.Leu232Pro, Rv1979c c.-129A>G, Rv2764c p.Thr202Ala, Rv2780 c.-32T>C, Rv3236c p.Ala370Thr, Rv3245c p.Met517Leu, Rv3423c c.630A>G, Rv3596c c.2418C>T, Rv3601c p.Ile115Thr, Rv3793 c.2781C>T, Rv3862c c.-75delG, Rv3862c c.-211C>T, Rv3919c p.Leu16Arg	success
0031_SRR19392955	No resistance detected by TB-Profiler	None reported	levofloxacin; moxifloxacin; ofloxacin | Rv0006 p.Glu21Gln | other_variants, levofloxacin; moxifloxacin; ofloxacin | Rv0006 p.Ser95Thr | other_variants, levofloxacin; moxifloxacin; ofloxacin | Rv0006 p.Gly668Asp | other_variants, rifampicin | Rv0667 p.Asp634Gly | other_variants, rifampicin | Rv0668 c.1626C>G | other_variants, bedaquiline; clofazimine | Rv0676c p.Ile948Val | other_variants, streptomycin | Rv0682 c.-165T>C | other_variants, streptomycin; amikacin; kanamycin; capreomycin | EBG00000313325 n.-187C>T | other_variants, linezolid | Rv1644 p.Leu232Pro | other_variants, capreomycin | Rv1694 c.33A>G | other_variants, streptomycin; amikacin; kanamycin; capreomycin | Rv1819c p.Arg508Cys | other_variants, streptomycin; amikacin; kanamycin; capreomycin | Rv1819c p.Ile177Val | other_variants, isoniazid | Rv1908c c.-499G>A | other_variants, bedaquiline; clofazimine | Rv1979c c.-129A>G | other_variants, bedaquiline; clofazimine | Rv2535c c.-204G>T | other_variants, isoniazid; rifampicin; ethambutol; levofloxacin; moxifloxacin; ofloxacin | Rv2752c p.Val300Ala | other_variants, Rv2764c p.Thr202Ala | other_variants, cycloserine | Rv2780 c.-32T>C | other_variants, pyrazinamide | Rv3236c p.Ala370Thr | other_variants, rifampicin; bedaquiline | Rv3245c p.Met517Leu | other_variants, pyrazinamide | Rv3596c c.2418C>T | other_variants, ethambutol | Rv3793 c.-100C>T | other_variants, ethambutol | Rv3793 c.2781C>T | other_variants, amikacin; kanamycin; capreomycin | Rv3862c c.-75delG | other_variants, amikacin; kanamycin; capreomycin | Rv3862c c.-211C>T | other_variants, streptomycin | Rv3919c p.Leu16Arg | other_variants	Rv0006 p.Glu21Gln, Rv0006 p.Ser95Thr, Rv0006 p.Gly668Asp, Rv0667 p.Asp634Gly, Rv0668 c.1626C>G, Rv0676c p.Ile948Val, Rv0682 c.-165T>C, EBG00000313325 n.-187C>T, Rv1644 p.Leu232Pro, Rv1694 c.33A>G, Rv1819c p.Arg508Cys, Rv1819c p.Ile177Val, Rv1908c c.-499G>A, Rv1979c c.-129A>G, Rv2535c c.-204G>T, Rv2752c p.Val300Ala, Rv2764c p.Thr202Ala, Rv2780 c.-32T>C, Rv3236c p.Ala370Thr, Rv3245c p.Met517Leu, Rv3596c c.2418C>T, Rv3793 c.-100C>T, Rv3793 c.2781C>T, Rv3862c c.-75delG, Rv3862c c.-211C>T, Rv3919c p.Leu16Arg	success
0032_SRR19427024	Monoresistance	pyrazinamide	pyrazinamide | Rv2043c p.Thr160Ala | dr_variants, levofloxacin; moxifloxacin; ofloxacin | Rv0006 p.Glu21Gln | other_variants, levofloxacin; moxifloxacin; ofloxacin | Rv0006 p.Ser95Thr | other_variants, levofloxacin; moxifloxacin; ofloxacin | Rv0006 p.Gly247Ser | other_variants, levofloxacin; moxifloxacin; ofloxacin | Rv0006 p.Gly668Asp | other_variants, isoniazid; ethionamide | Rv0486 p.Leu188Val | other_variants, rifampicin | Rv0668 c.1626C>G | other_variants, bedaquiline; clofazimine | Rv0676c p.Ile948Val | other_variants, streptomycin | Rv0682 c.-165T>C | other_variants, isoniazid; pyrazinamide; streptomycin | Rv1258c p.Ile231Thr | other_variants, streptomycin; amikacin; kanamycin; capreomycin | EBG00000313325 n.-187C>T | other_variants, linezolid | Rv1644 p.Leu232Pro | other_variants, capreomycin | Rv1694 c.33A>G | other_variants, pyrazinamide | Rv1918c p.Val672Ile | other_variants, bedaquiline; clofazimine | Rv1979c c.-129A>G | other_variants, isoniazid | Rv2245 p.Gly269Ser | other_variants, Rv2764c p.Thr202Ala | other_variants, cycloserine | Rv2780 c.-32T>C | other_variants, rifampicin; bedaquiline | Rv3245c p.Met517Leu | other_variants, delamanid; pretomanid | Rv3547 c.-130C>T | other_variants, pyrazinamide | Rv3596c c.2418C>T | other_variants, ethambutol | Rv3793 c.2781C>T | other_variants, amikacin; kanamycin; capreomycin | Rv3862c p.Leu52Gln | other_variants, amikacin; kanamycin; capreomycin | Rv3862c c.-75delG | other_variants, amikacin; kanamycin; capreomycin | Rv3862c c.-211C>T | other_variants, streptomycin | Rv3919c p.Leu16Arg | other_variants	Rv2043c p.Thr160Ala, Rv0006 p.Glu21Gln, Rv0006 p.Ser95Thr, Rv0006 p.Gly247Ser, Rv0006 p.Gly668Asp, Rv0486 p.Leu188Val, Rv0668 c.1626C>G, Rv0676c p.Ile948Val, Rv0682 c.-165T>C, Rv1258c p.Ile231Thr, EBG00000313325 n.-187C>T, Rv1644 p.Leu232Pro, Rv1694 c.33A>G, Rv1918c p.Val672Ile, Rv1979c c.-129A>G, Rv2245 p.Gly269Ser, Rv2764c p.Thr202Ala, Rv2780 c.-32T>C, Rv3245c p.Met517Leu, Rv3547 c.-130C>T, Rv3596c c.2418C>T, Rv3793 c.2781C>T, Rv3862c p.Leu52Gln, Rv3862c c.-75delG, Rv3862c c.-211C>T, Rv3919c p.Leu16Arg	success
0033_SRR19428609	No resistance detected by TB-Profiler	None reported	levofloxacin; moxifloxacin; ofloxacin | Rv0006 p.Glu21Gln | other_variants, levofloxacin; moxifloxacin; ofloxacin | Rv0006 p.Ser95Thr | other_variants, levofloxacin; moxifloxacin; ofloxacin | Rv0006 p.Gly668Asp | other_variants, clofazimine; delamanid; pretomanid | Rv0407 c.960T>C | other_variants, ethionamide | Rv0565c c.390G>A | other_variants, rifampicin | Rv0667 c.-61C>T | other_variants, rifampicin | Rv0667 c.2628T>G | other_variants, rifampicin | Rv0667 c.3225T>C | other_variants, bedaquiline; clofazimine | Rv0676c p.Ile948Val | other_variants, bedaquiline; clofazimine | Rv0676c p.Thr794Ile | other_variants, streptomycin | Rv0682 c.-165T>C | other_variants, isoniazid; rifampicin; levofloxacin; moxifloxacin; ofloxacin | Rv1129c c.-28T>C | other_variants, streptomycin; amikacin; kanamycin; capreomycin | EBG00000313325 n.-187C>T | other_variants, linezolid | Rv1644 p.Leu232Pro | other_variants, capreomycin | Rv1694 c.33A>G | other_variants, isoniazid | Rv1908c p.Arg463Leu | other_variants, pyrazinamide | Rv1918c p.Leu896Ser | other_variants, pyrazinamide | Rv1918c p.Gly51Glu | other_variants, bedaquiline; clofazimine | Rv1979c c.-129A>G | other_variants, pyrazinamide | Rv2043c c.195C>T | other_variants, pyrazinamide | Rv2043c c.-125delC | other_variants, isoniazid | Rv2428 c.-88G>A | other_variants, rifampicin; ethambutol; streptomycin; levofloxacin; moxifloxacin; ofloxacin; amikacin; kanamycin | Rv2477c c.1545C>T | other_variants, cycloserine | Rv2780 c.-32T>C | other_variants, rifampicin; bedaquiline | Rv3245c p.Met517Leu | other_variants, pyrazinamide | Rv3601c c.-591C>T | other_variants, isoniazid; rifampicin; ethambutol; streptomycin; levofloxacin; moxifloxacin; ofloxacin | Rv3696c c.1134C>T | other_variants, ethambutol | Rv3793 p.Arg567His | other_variants, ethambutol | Rv3793 p.Arg738Gln | other_variants, ethambutol | Rv3793 c.2781C>T | other_variants, amikacin; kanamycin; capreomycin | Rv3862c c.-75delG | other_variants, amikacin; kanamycin; capreomycin | Rv3862c c.-211C>T | other_variants, streptomycin | Rv3919c c.615A>G | other_variants	Rv0006 p.Glu21Gln, Rv0006 p.Ser95Thr, Rv0006 p.Gly668Asp, Rv0407 c.960T>C, Rv0565c c.390G>A, Rv0667 c.-61C>T, Rv0667 c.2628T>G, Rv0667 c.3225T>C, Rv0676c p.Ile948Val, Rv0676c p.Thr794Ile, Rv0682 c.-165T>C, Rv1129c c.-28T>C, EBG00000313325 n.-187C>T, Rv1644 p.Leu232Pro, Rv1694 c.33A>G, Rv1908c p.Arg463Leu, Rv1918c p.Leu896Ser, Rv1918c p.Gly51Glu, Rv1979c c.-129A>G, Rv2043c c.195C>T, Rv2043c c.-125delC, Rv2428 c.-88G>A, Rv2477c c.1545C>T, Rv2780 c.-32T>C, Rv3245c p.Met517Leu, Rv3601c c.-591C>T, Rv3696c c.1134C>T, Rv3793 p.Arg567His, Rv3793 p.Arg738Gln, Rv3793 c.2781C>T, Rv3862c c.-75delG, Rv3862c c.-211C>T, Rv3919c c.615A>G	success
0034_SRR19428630	Hr-TB	isoniazid	isoniazid | Rv1908c p.Ser315Thr | dr_variants, levofloxacin; moxifloxacin; ofloxacin | Rv0006 p.Glu21Gln | other_variants, levofloxacin; moxifloxacin; ofloxacin | Rv0006 p.Ser95Thr | other_variants, levofloxacin; moxifloxacin; ofloxacin | Rv0006 p.Gly668Asp | other_variants, clofazimine; delamanid; pretomanid | Rv0407 c.960T>C | other_variants, ethionamide | Rv0565c c.390G>A | other_variants, rifampicin | Rv0667 c.-61C>T | other_variants, rifampicin | Rv0667 c.2628T>G | other_variants, rifampicin | Rv0667 c.3225T>C | other_variants, bedaquiline; clofazimine | Rv0676c p.Ile948Val | other_variants, bedaquiline; clofazimine | Rv0676c p.Thr794Ile | other_variants, streptomycin | Rv0682 c.-165T>C | other_variants, isoniazid; rifampicin; levofloxacin; moxifloxacin; ofloxacin | Rv1129c c.-28T>C | other_variants, streptomycin; amikacin; kanamycin; capreomycin | EBG00000313325 n.-187C>T | other_variants, linezolid | Rv1644 p.Leu232Pro | other_variants, capreomycin | Rv1694 c.33A>G | other_variants, isoniazid | Rv1908c p.Arg463Leu | other_variants, pyrazinamide | Rv1918c p.Leu896Ser | other_variants, pyrazinamide | Rv1918c p.Gly51Glu | other_variants, bedaquiline; clofazimine | Rv1979c c.-129A>G | other_variants, pyrazinamide | Rv2043c c.195C>T | other_variants, pyrazinamide | Rv2043c c.-125delC | other_variants, isoniazid | Rv2428 c.-88G>A | other_variants, rifampicin; ethambutol; streptomycin; levofloxacin; moxifloxacin; ofloxacin; amikacin; kanamycin | Rv2477c c.1545C>T | other_variants, cycloserine | Rv2780 c.-32T>C | other_variants, rifampicin; bedaquiline | Rv3245c p.Met517Leu | other_variants, clofazimine; delamanid; pretomanid | Rv3261 c.-162T>C | other_variants, pyrazinamide | Rv3601c c.-591C>T | other_variants, isoniazid; rifampicin; ethambutol; streptomycin; levofloxacin; moxifloxacin; ofloxacin | Rv3696c c.1134C>T | other_variants, ethambutol | Rv3793 p.Val104Met | other_variants, ethambutol | Rv3793 p.Arg567His | other_variants, ethambutol | Rv3793 p.Arg738Gln | other_variants, ethambutol | Rv3793 c.2781C>T | other_variants, ethambutol | Rv3794 p.Val31Ile | other_variants, amikacin; kanamycin; capreomycin | Rv3862c c.-75delG | other_variants, amikacin; kanamycin; capreomycin | Rv3862c c.-211C>T | other_variants, amikacin; kanamycin; capreomycin | Rv3862c c.-325T>G | other_variants, streptomycin | Rv3919c c.615A>G | other_variants	Rv1908c p.Ser315Thr, Rv0006 p.Glu21Gln, Rv0006 p.Ser95Thr, Rv0006 p.Gly668Asp, Rv0407 c.960T>C, Rv0565c c.390G>A, Rv0667 c.-61C>T, Rv0667 c.2628T>G, Rv0667 c.3225T>C, Rv0676c p.Ile948Val, Rv0676c p.Thr794Ile, Rv0682 c.-165T>C, Rv1129c c.-28T>C, EBG00000313325 n.-187C>T, Rv1644 p.Leu232Pro, Rv1694 c.33A>G, Rv1908c p.Arg463Leu, Rv1918c p.Leu896Ser, Rv1918c p.Gly51Glu, Rv1979c c.-129A>G, Rv2043c c.195C>T, Rv2043c c.-125delC, Rv2428 c.-88G>A, Rv2477c c.1545C>T, Rv2780 c.-32T>C, Rv3245c p.Met517Leu, Rv3261 c.-162T>C, Rv3601c c.-591C>T, Rv3696c c.1134C>T, Rv3793 p.Val104Met, Rv3793 p.Arg567His, Rv3793 p.Arg738Gln, Rv3793 c.2781C>T, Rv3794 p.Val31Ile, Rv3862c c.-75delG, Rv3862c c.-211C>T, Rv3862c c.-325T>G, Rv3919c c.615A>G	success
0035_SRR29096283	No resistance detected by TB-Profiler	None reported	levofloxacin; moxifloxacin; ofloxacin | Rv0005 p.Val301Leu | other_variants, levofloxacin; moxifloxacin; ofloxacin | Rv0006 p.Glu21Gln | other_variants, levofloxacin; moxifloxacin; ofloxacin | Rv0006 p.Ser95Thr | other_variants, levofloxacin; moxifloxacin; ofloxacin | Rv0006 p.Gly668Asp | other_variants, ethionamide | Rv0565c c.405C>A | other_variants, rifampicin | Rv0668 c.1626C>G | other_variants, rifampicin | Rv0668 c.3714C>T | other_variants, bedaquiline; clofazimine | Rv0676c p.Ile948Val | other_variants, streptomycin | Rv0682 c.-165T>C | other_variants, streptomycin; amikacin; kanamycin; capreomycin | EBG00000313325 n.-187C>T | other_variants, linezolid | Rv1644 p.Leu232Pro | other_variants, capreomycin | Rv1694 c.33A>G | other_variants, bedaquiline; clofazimine | Rv1979c c.-129A>G | other_variants, Rv2764c p.Thr202Ala | other_variants, cycloserine | Rv2780 c.-32T>C | other_variants, pyrazinamide | Rv3236c p.Ala370Thr | other_variants, rifampicin; bedaquiline | Rv3245c p.Met517Leu | other_variants, clofazimine; delamanid; pretomanid | Rv3261 c.-136G>T | other_variants, cycloserine | Rv3423c c.630A>G | other_variants, cycloserine | Rv3423c c.480C>G | other_variants, pyrazinamide | Rv3596c c.2418C>T | other_variants, ethambutol | Rv3793 c.2781C>T | other_variants, amikacin; kanamycin; capreomycin | Rv3862c c.-75delG | other_variants, amikacin; kanamycin; capreomycin | Rv3862c c.-211C>T | other_variants, streptomycin | Rv3919c p.Val65Gly | other_variants, streptomycin | Rv3919c p.Leu16Arg | other_variants	Rv0005 p.Val301Leu, Rv0006 p.Glu21Gln, Rv0006 p.Ser95Thr, Rv0006 p.Gly668Asp, Rv0565c c.405C>A, Rv0668 c.1626C>G, Rv0668 c.3714C>T, Rv0676c p.Ile948Val, Rv0682 c.-165T>C, EBG00000313325 n.-187C>T, Rv1644 p.Leu232Pro, Rv1694 c.33A>G, Rv1979c c.-129A>G, Rv2764c p.Thr202Ala, Rv2780 c.-32T>C, Rv3236c p.Ala370Thr, Rv3245c p.Met517Leu, Rv3261 c.-136G>T, Rv3423c c.630A>G, Rv3423c c.480C>G, Rv3596c c.2418C>T, Rv3793 c.2781C>T, Rv3862c c.-75delG, Rv3862c c.-211C>T, Rv3919c p.Val65Gly, Rv3919c p.Leu16Arg	success
0036_SRR29096542	No resistance detected by TB-Profiler	None reported	levofloxacin; moxifloxacin; ofloxacin | Rv0006 p.Glu21Gln | other_variants, levofloxacin; moxifloxacin; ofloxacin | Rv0006 p.Ser95Thr | other_variants, levofloxacin; moxifloxacin; ofloxacin | Rv0006 p.Gly668Asp | other_variants, clofazimine; delamanid; pretomanid | Rv0407 c.960T>C | other_variants, ethionamide | Rv0565c c.390G>A | other_variants, rifampicin | Rv0667 c.-61C>T | other_variants, rifampicin | Rv0667 c.2628T>G | other_variants, rifampicin | Rv0667 c.3225T>C | other_variants, bedaquiline; clofazimine | Rv0676c p.Ile948Val | other_variants, bedaquiline; clofazimine | Rv0676c p.Thr794Ile | other_variants, streptomycin | Rv0682 c.-165T>C | other_variants, isoniazid; rifampicin; levofloxacin; moxifloxacin; ofloxacin | Rv1129c c.-28T>C | other_variants, streptomycin; amikacin; kanamycin; capreomycin | EBG00000313325 n.-187C>T | other_variants, linezolid | Rv1644 p.Leu232Pro | other_variants, capreomycin | Rv1694 c.33A>G | other_variants, isoniazid | Rv1908c p.Arg463Leu | other_variants, pyrazinamide | Rv1918c p.Leu896Ser | other_variants, bedaquiline; clofazimine | Rv1979c c.-129A>G | other_variants, pyrazinamide | Rv2043c c.195C>T | other_variants, pyrazinamide | Rv2043c c.-125delC | other_variants, isoniazid | Rv2428 c.-88G>A | other_variants, rifampicin; ethambutol; streptomycin; levofloxacin; moxifloxacin; ofloxacin; amikacin; kanamycin | Rv2477c c.1545C>T | other_variants, capreomycin | Rv2680 p.Asp6Asn | other_variants, cycloserine | Rv2780 c.-32T>C | other_variants, clofazimine; delamanid; pretomanid | Rv2983 c.609A>T | other_variants, rifampicin; bedaquiline | Rv3245c p.Met517Leu | other_variants, cycloserine | Rv3423c c.-125G>A | other_variants, pyrazinamide | Rv3601c c.-591C>T | other_variants, isoniazid; rifampicin; ethambutol; streptomycin; levofloxacin; moxifloxacin; ofloxacin | Rv3696c c.1134C>T | other_variants, ethambutol | Rv3793 p.Arg738Gln | other_variants, ethambutol | Rv3793 c.2781C>T | other_variants, amikacin; kanamycin; capreomycin | Rv3862c c.-75delG | other_variants, amikacin; kanamycin; capreomycin | Rv3862c c.-211C>T | other_variants, streptomycin | Rv3919c c.615A>G | other_variants	Rv0006 p.Glu21Gln, Rv0006 p.Ser95Thr, Rv0006 p.Gly668Asp, Rv0407 c.960T>C, Rv0565c c.390G>A, Rv0667 c.-61C>T, Rv0667 c.2628T>G, Rv0667 c.3225T>C, Rv0676c p.Ile948Val, Rv0676c p.Thr794Ile, Rv0682 c.-165T>C, Rv1129c c.-28T>C, EBG00000313325 n.-187C>T, Rv1644 p.Leu232Pro, Rv1694 c.33A>G, Rv1908c p.Arg463Leu, Rv1918c p.Leu896Ser, Rv1979c c.-129A>G, Rv2043c c.195C>T, Rv2043c c.-125delC, Rv2428 c.-88G>A, Rv2477c c.1545C>T, Rv2680 p.Asp6Asn, Rv2780 c.-32T>C, Rv2983 c.609A>T, Rv3245c p.Met517Leu, Rv3423c c.-125G>A, Rv3601c c.-591C>T, Rv3696c c.1134C>T, Rv3793 p.Arg738Gln, Rv3793 c.2781C>T, Rv3862c c.-75delG, Rv3862c c.-211C>T, Rv3919c c.615A>G	success
0037_SRR29096705	No resistance detected by TB-Profiler	None reported	levofloxacin; moxifloxacin; ofloxacin | Rv0006 p.Glu21Gln | other_variants, levofloxacin; moxifloxacin; ofloxacin | Rv0006 p.Ser95Thr | other_variants, levofloxacin; moxifloxacin; ofloxacin | Rv0006 p.Gly668Asp | other_variants, clofazimine; delamanid; pretomanid | Rv0407 c.960T>C | other_variants, amikacin; kanamycin; capreomycin | Rv0529 p.Ile245Met | other_variants, ethionamide | Rv0565c c.390G>A | other_variants, ethionamide | Rv0565c p.Arg110His | other_variants, rifampicin | Rv0667 c.3225T>C | other_variants, bedaquiline; clofazimine | Rv0676c p.Ile948Val | other_variants, bedaquiline; clofazimine | Rv0676c p.Thr794Ile | other_variants, bedaquiline; clofazimine | Rv0677c c.-710C>G | other_variants, streptomycin | Rv0682 c.-165T>C | other_variants, isoniazid; rifampicin; levofloxacin; moxifloxacin; ofloxacin | Rv1129c c.-28T>C | other_variants, isoniazid; pyrazinamide; streptomycin | Rv1258c c.580_581insC | other_variants, streptomycin; amikacin; kanamycin; capreomycin | EBG00000313325 n.-187C>T | other_variants, pyrazinamide | Rv1630 c.636A>C | other_variants, linezolid | Rv1644 p.Leu232Pro | other_variants, capreomycin | Rv1694 c.33A>G | other_variants, isoniazid | Rv1908c p.Arg463Leu | other_variants, pyrazinamide | Rv1918c p.Leu896Ser | other_variants, bedaquiline; clofazimine | Rv1979c c.-129A>G | other_variants, cycloserine | Rv2780 c.-32T>C | other_variants, streptomycin; amikacin; kanamycin | Rv3197A c.-541C>T | other_variants, pyrazinamide | Rv3236c p.Thr102Ala | other_variants, rifampicin; bedaquiline | Rv3245c p.Met517Leu | other_variants, rifampicin; bedaquiline | Rv3245c p.Pro18Ser | other_variants, ethambutol | Rv3793 c.2781C>T | other_variants, ethambutol | Rv3794 c.228C>T | other_variants, ethambutol | Rv3805c p.Asp397Gly | other_variants, ethionamide | Rv3854c p.Ser266Arg | other_variants, amikacin; kanamycin; capreomycin | Rv3862c c.-75delG | other_variants, amikacin; kanamycin; capreomycin | Rv3862c c.-211C>T | other_variants, streptomycin | Rv3919c c.615A>G | other_variants, streptomycin | Rv3919c p.Glu92Asp | other_variants	Rv0006 p.Glu21Gln, Rv0006 p.Ser95Thr, Rv0006 p.Gly668Asp, Rv0407 c.960T>C, Rv0529 p.Ile245Met, Rv0565c c.390G>A, Rv0565c p.Arg110His, Rv0667 c.3225T>C, Rv0676c p.Ile948Val, Rv0676c p.Thr794Ile, Rv0677c c.-710C>G, Rv0682 c.-165T>C, Rv1129c c.-28T>C, Rv1258c c.580_581insC, EBG00000313325 n.-187C>T, Rv1630 c.636A>C, Rv1644 p.Leu232Pro, Rv1694 c.33A>G, Rv1908c p.Arg463Leu, Rv1918c p.Leu896Ser, Rv1979c c.-129A>G, Rv2780 c.-32T>C, Rv3197A c.-541C>T, Rv3236c p.Thr102Ala, Rv3245c p.Met517Leu, Rv3245c p.Pro18Ser, Rv3793 c.2781C>T, Rv3794 c.228C>T, Rv3805c p.Asp397Gly, Rv3854c p.Ser266Arg, Rv3862c c.-75delG, Rv3862c c.-211C>T, Rv3919c c.615A>G, Rv3919c p.Glu92Asp	success
