sample_id	resistance_profile	resistant_drugs	resistance_mutations	key_mutations	status
0000_ERR10112879	Pre-XDR-TB	levofloxacin, moxifloxacin, rifampicin, streptomycin, ethionamide, isoniazid, pyrazinamide, ethambutol	levofloxacin; moxifloxacin | Rv0006 p.Asp94Gly | dr_variants, rifampicin | Rv0667 p.Ser450Leu | dr_variants, streptomycin | EBG00000313325 n.514A>C | dr_variants, amikacin; capreomycin; kanamycin | EBG00000313325 n.1401A>G | dr_variants, ethionamide; isoniazid | Rv1484 c.-777C>T | dr_variants, isoniazid | Rv1908c p.Ser315Thr | dr_variants, pyrazinamide | Rv2043c p.Cys14Arg | dr_variants, ethambutol | Rv3795 p.Met306Ile | dr_variants, ethionamide | Rv3854c p.Ala381Pro | dr_variants, streptomycin | Rv3919c p.Leu79Ser | dr_variants, levofloxacin; moxifloxacin; ofloxacin | Rv0006 p.Glu21Gln | other_variants, levofloxacin; moxifloxacin; ofloxacin | Rv0006 p.Ser95Thr | other_variants, levofloxacin; moxifloxacin; ofloxacin | Rv0006 p.Gly668Asp | other_variants, clofazimine; delamanid; pretomanid | Rv0407 c.960T>C | other_variants, ethionamide | Rv0565c c.390G>A | other_variants, ethionamide | Rv0565c p.Arg110His | other_variants, rifampicin | Rv0667 c.3225T>C | other_variants, rifampicin | Rv0668 p.Val483Gly | other_variants, bedaquiline; clofazimine | Rv0676c p.Ile948Val | other_variants, bedaquiline; clofazimine | Rv0676c p.Thr794Ile | other_variants, bedaquiline; clofazimine | Rv0677c c.-710C>G | other_variants, streptomycin | Rv0682 c.-165T>C | other_variants, isoniazid; rifampicin; levofloxacin; moxifloxacin; ofloxacin | Rv1129c c.-28T>C | other_variants, streptomycin; amikacin; kanamycin; capreomycin | EBG00000313325 n.-187C>T | other_variants, pyrazinamide | Rv1630 c.636A>C | other_variants, linezolid | Rv1644 p.Leu232Pro | other_variants, capreomycin | Rv1694 c.33A>G | other_variants, isoniazid | Rv1908c p.Arg463Leu | other_variants, pyrazinamide | Rv1918c p.Leu896Ser | other_variants, bedaquiline; clofazimine | Rv1979c p.Arg409Gln | other_variants, bedaquiline; clofazimine | Rv1979c c.-129A>G | other_variants, cycloserine | Rv2780 c.-32T>C | other_variants, pyrazinamide | Rv3236c p.Thr102Ala | other_variants, rifampicin; bedaquiline | Rv3245c p.Met517Leu | other_variants, pyrazinamide | Rv3596c c.-272T>G | other_variants, isoniazid; rifampicin; ethambutol; streptomycin; levofloxacin; moxifloxacin; ofloxacin | Rv3696c c.-192C>A | other_variants, ethambutol | Rv3793 c.2781C>T | other_variants, ethambutol | Rv3794 c.228C>T | other_variants, ethambutol | Rv3805c p.Asp397Gly | other_variants, ethambutol | Rv3806c p.Ala249Thr | other_variants, amikacin; kanamycin; capreomycin | Rv3862c c.-75delG | other_variants, amikacin; kanamycin; capreomycin | Rv3862c c.-211C>T | other_variants, amikacin; kanamycin; capreomycin | Rv3862c c.-273A>G | other_variants, streptomycin | Rv3919c c.615A>G | other_variants, streptomycin | Rv3919c p.Glu92Asp | other_variants	Rv0006 p.Asp94Gly, Rv0667 p.Ser450Leu, EBG00000313325 n.514A>C, EBG00000313325 n.1401A>G, Rv1484 c.-777C>T, Rv1908c p.Ser315Thr, Rv2043c p.Cys14Arg, Rv3795 p.Met306Ile, Rv3854c p.Ala381Pro, Rv3919c p.Leu79Ser, Rv0006 p.Glu21Gln, Rv0006 p.Ser95Thr, Rv0006 p.Gly668Asp, Rv0407 c.960T>C, Rv0565c c.390G>A, Rv0565c p.Arg110His, Rv0667 c.3225T>C, Rv0668 p.Val483Gly, Rv0676c p.Ile948Val, Rv0676c p.Thr794Ile, Rv0677c c.-710C>G, Rv0682 c.-165T>C, Rv1129c c.-28T>C, EBG00000313325 n.-187C>T, Rv1630 c.636A>C, Rv1644 p.Leu232Pro, Rv1694 c.33A>G, Rv1908c p.Arg463Leu, Rv1918c p.Leu896Ser, Rv1979c p.Arg409Gln, Rv1979c c.-129A>G, Rv2780 c.-32T>C, Rv3236c p.Thr102Ala, Rv3245c p.Met517Leu, Rv3596c c.-272T>G, Rv3696c c.-192C>A, Rv3793 c.2781C>T, Rv3794 c.228C>T, Rv3805c p.Asp397Gly, Rv3806c p.Ala249Thr, Rv3862c c.-75delG, Rv3862c c.-211C>T, Rv3862c c.-273A>G, Rv3919c c.615A>G, Rv3919c p.Glu92Asp	success
0001_ERR10112899	MDR-TB	rifampicin, isoniazid, pyrazinamide, ethambutol, streptomycin	rifampicin | Rv0667 p.His445Asp | dr_variants, isoniazid | Rv1908c p.Ser315Thr | dr_variants, pyrazinamide | Rv2043c p.Ser67Pro | dr_variants, ethambutol | Rv3795 p.Gln497Arg | dr_variants, streptomycin | Rv3919c c.115delC | dr_variants, levofloxacin; moxifloxacin; ofloxacin | Rv0006 p.Glu21Gln | other_variants, levofloxacin; moxifloxacin; ofloxacin | Rv0006 p.Ser95Thr | other_variants, levofloxacin; moxifloxacin; ofloxacin | Rv0006 p.Gly668Asp | other_variants, ethionamide | Rv0565c p.Ser68Pro | other_variants, rifampicin | Rv0668 p.Leu340Phe | other_variants, rifampicin | Rv0668 p.Gly594Glu | other_variants, bedaquiline; clofazimine | Rv0676c p.Ile948Val | other_variants, streptomycin | Rv0682 c.-165T>C | other_variants, linezolid | Rv0701 c.-590T>C | other_variants, streptomycin; amikacin; kanamycin; capreomycin | EBG00000313325 n.-187C>T | other_variants, linezolid | Rv1644 p.Leu232Pro | other_variants, capreomycin | Rv1694 c.33A>G | other_variants, bedaquiline; clofazimine | Rv1979c c.-129A>G | other_variants, cycloserine | Rv2780 c.-32T>C | other_variants, rifampicin; bedaquiline | Rv3245c p.Met517Leu | other_variants, pyrazinamide | Rv3596c c.756G>A | other_variants, ethambutol | Rv3793 c.2781C>T | other_variants, ethambutol | Rv3793 p.Val981Leu | other_variants, ethambutol | Rv3795 c.2895G>A | other_variants, ethambutol | Rv3806c p.Ile179Met | other_variants, amikacin; kanamycin; capreomycin | Rv3862c c.-75delG | other_variants, amikacin; kanamycin; capreomycin | Rv3862c c.-211C>T | other_variants, streptomycin | Rv3919c c.405G>T | other_variants	Rv0667 p.His445Asp, Rv1908c p.Ser315Thr, Rv2043c p.Ser67Pro, Rv3795 p.Gln497Arg, Rv3919c c.115delC, Rv0006 p.Glu21Gln, Rv0006 p.Ser95Thr, Rv0006 p.Gly668Asp, Rv0565c p.Ser68Pro, Rv0668 p.Leu340Phe, Rv0668 p.Gly594Glu, Rv0676c p.Ile948Val, Rv0682 c.-165T>C, Rv0701 c.-590T>C, EBG00000313325 n.-187C>T, Rv1644 p.Leu232Pro, Rv1694 c.33A>G, Rv1979c c.-129A>G, Rv2780 c.-32T>C, Rv3245c p.Met517Leu, Rv3596c c.756G>A, Rv3793 c.2781C>T, Rv3793 p.Val981Leu, Rv3795 c.2895G>A, Rv3806c p.Ile179Met, Rv3862c c.-75delG, Rv3862c c.-211C>T, Rv3919c c.405G>T	success
0002_ERR10112906	MDR-TB	rifampicin, streptomycin, ethionamide, isoniazid, pyrazinamide	rifampicin | Rv0667 p.Ser450Leu | dr_variants, streptomycin | Rv0682 p.Lys43Arg | dr_variants, amikacin; capreomycin; kanamycin | EBG00000313325 n.1401A>G | dr_variants, ethionamide; isoniazid | Rv1484 c.-777C>T | dr_variants, pyrazinamide | Rv2043c p.Tyr103* | dr_variants, ethionamide | Rv3855 p.Ala95Thr | dr_variants, levofloxacin; moxifloxacin; ofloxacin | Rv0006 p.Glu21Gln | other_variants, levofloxacin; moxifloxacin; ofloxacin | Rv0006 p.Ser95Thr | other_variants, levofloxacin; moxifloxacin; ofloxacin | Rv0006 p.Gly668Asp | other_variants, clofazimine; delamanid; pretomanid | Rv0407 c.960T>C | other_variants, isoniazid; ethionamide | Rv0486 p.Ala187Val | other_variants, amikacin; kanamycin; capreomycin | Rv0529 p.Ile245Met | other_variants, ethionamide | Rv0565c c.390G>A | other_variants, ethionamide | Rv0565c p.Arg110His | other_variants, isoniazid | Rv0643c c.-22_-21insTG | other_variants, rifampicin | Rv0667 c.3225T>C | other_variants, rifampicin | Rv0668 c.186C>T | other_variants, rifampicin | Rv0668 p.Pro1040Leu | other_variants, bedaquiline; clofazimine | Rv0676c p.Ile948Val | other_variants, bedaquiline; clofazimine | Rv0676c p.Thr794Ile | other_variants, bedaquiline; clofazimine | Rv0676c p.Asp767Asn | other_variants, bedaquiline; clofazimine | Rv0677c c.-74G>T | other_variants, bedaquiline; clofazimine | Rv0678 p.Asp88Gly | other_variants, bedaquiline; clofazimine | Rv0677c c.-710C>G | other_variants, streptomycin | Rv0682 c.-165T>C | other_variants, isoniazid; rifampicin; levofloxacin; moxifloxacin; ofloxacin | Rv1129c c.-28T>C | other_variants, isoniazid; pyrazinamide; streptomycin | Rv1258c c.580_581insC | other_variants, streptomycin; amikacin; kanamycin; capreomycin | EBG00000313325 n.-187C>T | other_variants, pyrazinamide | Rv1630 c.636A>C | other_variants, linezolid | Rv1644 p.Leu232Pro | other_variants, capreomycin | Rv1694 c.33A>G | other_variants, isoniazid | Rv1908c p.Arg463Leu | other_variants, pyrazinamide | Rv1918c p.Leu896Ser | other_variants, bedaquiline; clofazimine | Rv1979c c.-129A>G | other_variants, cycloserine | Rv2780 c.-32T>C | other_variants, pyrazinamide | Rv3236c p.Thr102Ala | other_variants, rifampicin; bedaquiline | Rv3245c p.Met517Leu | other_variants, rifampicin; bedaquiline | Rv3245c p.Pro18Ser | other_variants, ethambutol | Rv3793 c.2781C>T | other_variants, ethambutol | Rv3794 c.228C>T | other_variants, ethambutol | Rv3805c p.Asp397Gly | other_variants, amikacin; kanamycin; capreomycin | Rv3862c c.-75delG | other_variants, amikacin; kanamycin; capreomycin | Rv3862c c.-211C>T | other_variants, streptomycin | Rv3919c c.615A>G | other_variants, streptomycin | Rv3919c p.Glu92Asp | other_variants	Rv0667 p.Ser450Leu, Rv0682 p.Lys43Arg, EBG00000313325 n.1401A>G, Rv1484 c.-777C>T, Rv2043c p.Tyr103*, Rv3855 p.Ala95Thr, Rv0006 p.Glu21Gln, Rv0006 p.Ser95Thr, Rv0006 p.Gly668Asp, Rv0407 c.960T>C, Rv0486 p.Ala187Val, Rv0529 p.Ile245Met, Rv0565c c.390G>A, Rv0565c p.Arg110His, Rv0643c c.-22_-21insTG, Rv0667 c.3225T>C, Rv0668 c.186C>T, Rv0668 p.Pro1040Leu, Rv0676c p.Ile948Val, Rv0676c p.Thr794Ile, Rv0676c p.Asp767Asn, Rv0677c c.-74G>T, Rv0678 p.Asp88Gly, Rv0677c c.-710C>G, Rv0682 c.-165T>C, Rv1129c c.-28T>C, Rv1258c c.580_581insC, EBG00000313325 n.-187C>T, Rv1630 c.636A>C, Rv1644 p.Leu232Pro, Rv1694 c.33A>G, Rv1908c p.Arg463Leu, Rv1918c p.Leu896Ser, Rv1979c c.-129A>G, Rv2780 c.-32T>C, Rv3236c p.Thr102Ala, Rv3245c p.Met517Leu, Rv3245c p.Pro18Ser, Rv3793 c.2781C>T, Rv3794 c.228C>T, Rv3805c p.Asp397Gly, Rv3862c c.-75delG, Rv3862c c.-211C>T, Rv3919c c.615A>G, Rv3919c p.Glu92Asp	success
0003_ERR108149	No resistance detected by TB-Profiler	None reported	levofloxacin; moxifloxacin; ofloxacin | Rv0006 p.Glu21Gln | other_variants, levofloxacin; moxifloxacin; ofloxacin | Rv0006 p.Ser95Thr | other_variants, levofloxacin; moxifloxacin; ofloxacin | Rv0006 p.Gly668Asp | other_variants, bedaquiline; clofazimine | Rv0676c p.Ile948Val | other_variants, streptomycin | Rv0682 c.-165T>C | other_variants, streptomycin; amikacin; kanamycin; capreomycin | EBG00000313325 n.-187C>T | other_variants, linezolid | Rv1644 p.Leu232Pro | other_variants, capreomycin | Rv1694 c.33A>G | other_variants, isoniazid; ethionamide; delamanid | Rv1854c p.Val18Ala | other_variants, pyrazinamide | Rv1918c p.Gly258Asp | other_variants, bedaquiline; clofazimine | Rv1979c c.-129A>G | other_variants, cycloserine | Rv2780 c.-32T>C | other_variants, ethionamide | Rv3083 c.105G>A | other_variants, pyrazinamide | Rv3236c p.Val151Ala | other_variants, rifampicin; bedaquiline | Rv3245c p.Met517Leu | other_variants, clofazimine; delamanid; pretomanid | Rv3261 c.468C>T | other_variants, ethambutol | Rv3793 c.-900C>T | other_variants, ethambutol | Rv3793 p.Arg30Trp | other_variants, ethambutol | Rv3793 c.2781C>T | other_variants, amikacin; kanamycin; capreomycin | Rv3862c c.-75delG | other_variants, amikacin; kanamycin; capreomycin | Rv3862c c.-211C>T | other_variants, amikacin; kanamycin; capreomycin | Rv3862c c.-262C>T | other_variants	Rv0006 p.Glu21Gln, Rv0006 p.Ser95Thr, Rv0006 p.Gly668Asp, Rv0676c p.Ile948Val, Rv0682 c.-165T>C, EBG00000313325 n.-187C>T, Rv1644 p.Leu232Pro, Rv1694 c.33A>G, Rv1854c p.Val18Ala, Rv1918c p.Gly258Asp, Rv1979c c.-129A>G, Rv2780 c.-32T>C, Rv3083 c.105G>A, Rv3236c p.Val151Ala, Rv3245c p.Met517Leu, Rv3261 c.468C>T, Rv3793 c.-900C>T, Rv3793 p.Arg30Trp, Rv3793 c.2781C>T, Rv3862c c.-75delG, Rv3862c c.-211C>T, Rv3862c c.-262C>T	success
0004_ERR108155	No resistance detected by TB-Profiler	None reported	levofloxacin; moxifloxacin; ofloxacin | Rv0006 p.Glu21Gln | other_variants, levofloxacin; moxifloxacin; ofloxacin | Rv0006 p.Ser95Thr | other_variants, levofloxacin; moxifloxacin; ofloxacin | Rv0006 p.Gly668Asp | other_variants, clofazimine; delamanid; pretomanid | Rv0407 c.960T>C | other_variants, isoniazid; ethionamide | Rv0486 p.Ala187Val | other_variants, amikacin; kanamycin; capreomycin | Rv0529 p.Ile245Met | other_variants, ethionamide | Rv0565c c.390G>A | other_variants, ethionamide | Rv0565c p.Arg110His | other_variants, rifampicin | Rv0667 c.3225T>C | other_variants, bedaquiline; clofazimine | Rv0676c p.Ile948Val | other_variants, bedaquiline; clofazimine | Rv0676c p.Thr794Ile | other_variants, bedaquiline; clofazimine | Rv0676c p.Asp767Asn | other_variants, bedaquiline; clofazimine | Rv0677c c.-710C>G | other_variants, streptomycin | Rv0682 c.-259C>T | other_variants, streptomycin | Rv0682 c.-165T>C | other_variants, isoniazid; rifampicin; levofloxacin; moxifloxacin; ofloxacin | Rv1129c c.-28T>C | other_variants, isoniazid; pyrazinamide; streptomycin | Rv1258c c.580_581insC | other_variants, streptomycin; amikacin; kanamycin; capreomycin | EBG00000313325 n.-187C>T | other_variants, pyrazinamide | Rv1630 c.636A>C | other_variants, linezolid | Rv1644 p.Leu232Pro | other_variants, capreomycin | Rv1694 c.33A>G | other_variants, isoniazid | Rv1908c p.Arg463Leu | other_variants, pyrazinamide | Rv1918c p.Leu896Ser | other_variants, bedaquiline; clofazimine | Rv1979c p.Tyr51Asn | other_variants, bedaquiline; clofazimine | Rv1979c c.-129A>G | other_variants, amikacin; kanamycin | Rv2416c p.Val163Ile | other_variants, cycloserine | Rv2780 c.-32T>C | other_variants, pyrazinamide | Rv3236c p.Thr102Ala | other_variants, rifampicin; bedaquiline | Rv3245c p.Met517Leu | other_variants, rifampicin; bedaquiline | Rv3245c p.Pro18Ser | other_variants, ethambutol | Rv3793 c.2781C>T | other_variants, ethambutol | Rv3794 c.228C>T | other_variants, ethambutol | Rv3795 c.1602C>T | other_variants, ethambutol | Rv3805c p.Asp397Gly | other_variants, amikacin; kanamycin; capreomycin | Rv3862c c.-75delG | other_variants, amikacin; kanamycin; capreomycin | Rv3862c c.-211C>T | other_variants, streptomycin | Rv3919c c.615A>G | other_variants, streptomycin | Rv3919c p.Glu92Asp | other_variants	Rv0006 p.Glu21Gln, Rv0006 p.Ser95Thr, Rv0006 p.Gly668Asp, Rv0407 c.960T>C, Rv0486 p.Ala187Val, Rv0529 p.Ile245Met, Rv0565c c.390G>A, Rv0565c p.Arg110His, Rv0667 c.3225T>C, Rv0676c p.Ile948Val, Rv0676c p.Thr794Ile, Rv0676c p.Asp767Asn, Rv0677c c.-710C>G, Rv0682 c.-259C>T, Rv0682 c.-165T>C, Rv1129c c.-28T>C, Rv1258c c.580_581insC, EBG00000313325 n.-187C>T, Rv1630 c.636A>C, Rv1644 p.Leu232Pro, Rv1694 c.33A>G, Rv1908c p.Arg463Leu, Rv1918c p.Leu896Ser, Rv1979c p.Tyr51Asn, Rv1979c c.-129A>G, Rv2416c p.Val163Ile, Rv2780 c.-32T>C, Rv3236c p.Thr102Ala, Rv3245c p.Met517Leu, Rv3245c p.Pro18Ser, Rv3793 c.2781C>T, Rv3794 c.228C>T, Rv3795 c.1602C>T, Rv3805c p.Asp397Gly, Rv3862c c.-75delG, Rv3862c c.-211C>T, Rv3919c c.615A>G, Rv3919c p.Glu92Asp	success
0005_ERR14370745	Pre-XDR-TB	levofloxacin, moxifloxacin, rifampicin, ethionamide, isoniazid, pyrazinamide, ethambutol	levofloxacin; moxifloxacin | Rv0006 p.Ala90Val | dr_variants, levofloxacin; moxifloxacin | Rv0006 p.Asp94Gly | dr_variants, rifampicin | Rv0667 p.Ser450Leu | dr_variants, ethionamide; isoniazid | Rv1484 c.-777C>T | dr_variants, ethionamide; isoniazid | Rv1484 p.Ile194Thr | dr_variants, pyrazinamide | Rv2043c p.Ser164Pro | dr_variants, ethambutol | Rv3795 p.Met306Val | dr_variants, ethionamide | Rv3855 p.Ala95Thr | dr_variants, levofloxacin; moxifloxacin; ofloxacin | Rv0006 p.Glu21Gln | other_variants, levofloxacin; moxifloxacin; ofloxacin | Rv0006 p.Ser95Thr | other_variants, levofloxacin; moxifloxacin; ofloxacin | Rv0006 p.Gly668Asp | other_variants, clofazimine; delamanid; pretomanid | Rv0407 c.960T>C | other_variants, isoniazid; ethionamide | Rv0486 p.Ala187Val | other_variants, amikacin; kanamycin; capreomycin | Rv0529 p.Ile245Met | other_variants, ethionamide | Rv0565c c.390G>A | other_variants, ethionamide | Rv0565c p.Arg110His | other_variants, rifampicin | Rv0667 c.3225T>C | other_variants, rifampicin | Rv0668 c.186C>T | other_variants, rifampicin | Rv0668 p.Val1039Gly | other_variants, rifampicin | Rv0668 p.Glu1113Gly | other_variants, bedaquiline; clofazimine | Rv0676c p.Ile948Val | other_variants, bedaquiline; clofazimine | Rv0676c p.Thr794Ile | other_variants, bedaquiline; clofazimine | Rv0676c p.Asp767Asn | other_variants, bedaquiline; clofazimine | Rv0677c c.-74G>T | other_variants, bedaquiline; clofazimine | Rv0677c c.-710C>G | other_variants, streptomycin | Rv0682 c.-165T>C | other_variants, isoniazid; rifampicin; levofloxacin; moxifloxacin; ofloxacin | Rv1129c c.-28T>C | other_variants, isoniazid; pyrazinamide; streptomycin | Rv1258c c.580_581insC | other_variants, streptomycin; amikacin; kanamycin; capreomycin | EBG00000313325 n.-187C>T | other_variants, pyrazinamide | Rv1630 c.636A>C | other_variants, linezolid | Rv1644 p.Leu232Pro | other_variants, capreomycin | Rv1694 c.33A>G | other_variants, isoniazid | Rv1908c p.Arg463Leu | other_variants, pyrazinamide | Rv1918c p.Leu896Ser | other_variants, bedaquiline; clofazimine | Rv1979c c.-129A>G | other_variants, cycloserine | Rv2780 c.-32T>C | other_variants, pyrazinamide | Rv3236c p.Thr102Ala | other_variants, rifampicin; bedaquiline | Rv3245c p.Met517Leu | other_variants, rifampicin; bedaquiline | Rv3245c p.Pro18Ser | other_variants, ethambutol | Rv3793 c.2781C>T | other_variants, ethambutol | Rv3794 c.228C>T | other_variants, ethambutol | Rv3805c p.Asp397Gly | other_variants, amikacin; kanamycin; capreomycin | Rv3862c c.81_82insC | other_variants, amikacin; kanamycin; capreomycin | Rv3862c c.-75delG | other_variants, amikacin; kanamycin; capreomycin | Rv3862c c.-211C>T | other_variants, streptomycin | Rv3919c c.615A>G | other_variants, streptomycin | Rv3919c p.Glu92Asp | other_variants	Rv0006 p.Ala90Val, Rv0006 p.Asp94Gly, Rv0667 p.Ser450Leu, Rv1484 c.-777C>T, Rv1484 p.Ile194Thr, Rv2043c p.Ser164Pro, Rv3795 p.Met306Val, Rv3855 p.Ala95Thr, Rv0006 p.Glu21Gln, Rv0006 p.Ser95Thr, Rv0006 p.Gly668Asp, Rv0407 c.960T>C, Rv0486 p.Ala187Val, Rv0529 p.Ile245Met, Rv0565c c.390G>A, Rv0565c p.Arg110His, Rv0667 c.3225T>C, Rv0668 c.186C>T, Rv0668 p.Val1039Gly, Rv0668 p.Glu1113Gly, Rv0676c p.Ile948Val, Rv0676c p.Thr794Ile, Rv0676c p.Asp767Asn, Rv0677c c.-74G>T, Rv0677c c.-710C>G, Rv0682 c.-165T>C, Rv1129c c.-28T>C, Rv1258c c.580_581insC, EBG00000313325 n.-187C>T, Rv1630 c.636A>C, Rv1644 p.Leu232Pro, Rv1694 c.33A>G, Rv1908c p.Arg463Leu, Rv1918c p.Leu896Ser, Rv1979c c.-129A>G, Rv2780 c.-32T>C, Rv3236c p.Thr102Ala, Rv3245c p.Met517Leu, Rv3245c p.Pro18Ser, Rv3793 c.2781C>T, Rv3794 c.228C>T, Rv3805c p.Asp397Gly, Rv3862c c.81_82insC, Rv3862c c.-75delG, Rv3862c c.-211C>T, Rv3919c c.615A>G, Rv3919c p.Glu92Asp	success
0006_ERR14370807	Pre-XDR-TB	levofloxacin, moxifloxacin, rifampicin, streptomycin, isoniazid, pyrazinamide, ethambutol	levofloxacin; moxifloxacin | Rv0006 p.Asp94Gly | dr_variants, rifampicin | Rv0667 p.Ser450Leu | dr_variants, streptomycin | EBG00000313325 n.514A>C | dr_variants, amikacin; capreomycin; kanamycin | EBG00000313325 n.1401A>G | dr_variants, isoniazid | Rv1908c p.Ser315Thr | dr_variants, pyrazinamide | Rv2043c p.Thr160Ala | dr_variants, pyrazinamide | Rv2043c p.Thr100Ile | dr_variants, ethambutol | Rv3795 p.Met306Ile | dr_variants, ethionamide | Rv3854c p.Gly43Cys | dr_variants, levofloxacin; moxifloxacin; ofloxacin | Rv0006 p.Glu21Gln | other_variants, levofloxacin; moxifloxacin; ofloxacin | Rv0006 p.Ser95Thr | other_variants, levofloxacin; moxifloxacin; ofloxacin | Rv0006 p.Gly668Asp | other_variants, clofazimine; delamanid; pretomanid | Rv0407 c.546C>G | other_variants, clofazimine; delamanid; pretomanid | Rv0407 p.Lys183Met | other_variants, clofazimine; delamanid; pretomanid | Rv0407 c.960T>C | other_variants, isoniazid; ethionamide | Rv0486 p.Ala187Val | other_variants, amikacin; kanamycin; capreomycin | Rv0529 p.Ile245Met | other_variants, ethionamide | Rv0565c c.390G>A | other_variants, ethionamide | Rv0565c p.Arg110His | other_variants, rifampicin | Rv0667 c.3225T>C | other_variants, rifampicin | Rv0668 p.Asp485Tyr | other_variants, bedaquiline; clofazimine | Rv0676c c.2889G>A | other_variants, bedaquiline; clofazimine | Rv0676c p.Ile948Val | other_variants, bedaquiline; clofazimine | Rv0676c p.Thr794Ile | other_variants, bedaquiline; clofazimine | Rv0676c p.Asp767Asn | other_variants, bedaquiline; clofazimine | Rv0677c c.-710C>G | other_variants, streptomycin | Rv0682 c.-165T>C | other_variants, isoniazid; rifampicin; levofloxacin; moxifloxacin; ofloxacin | Rv1129c c.-28T>C | other_variants, isoniazid; pyrazinamide; streptomycin | Rv1258c c.580_581insC | other_variants, streptomycin; amikacin; kanamycin; capreomycin | EBG00000313325 n.-187C>T | other_variants, pyrazinamide | Rv1630 c.636A>C | other_variants, linezolid | Rv1644 p.Leu232Pro | other_variants, capreomycin | Rv1694 c.33A>G | other_variants, isoniazid | Rv1908c p.Arg463Leu | other_variants, pyrazinamide | Rv1918c p.Leu896Ser | other_variants, bedaquiline; clofazimine | Rv1979c c.-129A>G | other_variants, cycloserine | Rv2780 c.-32T>C | other_variants, ethionamide | Rv3083 p.Trp271* | other_variants, streptomycin; amikacin; kanamycin | Rv3197A c.-219_-218insT | other_variants, pyrazinamide | Rv3236c p.Thr102Ala | other_variants, rifampicin; bedaquiline | Rv3245c p.Met517Leu | other_variants, rifampicin; bedaquiline | Rv3245c p.Pro18Ser | other_variants, cycloserine | Rv3423c c.-8C>T | other_variants, isoniazid; rifampicin; ethambutol; streptomycin; levofloxacin; moxifloxacin; ofloxacin | Rv3696c c.572dupG | other_variants, ethambutol | Rv3793 c.2781C>T | other_variants, ethambutol | Rv3794 c.228C>T | other_variants, ethambutol | Rv3795 p.Leu402Val | other_variants, ethambutol | Rv3805c p.Asp397Gly | other_variants, amikacin; kanamycin; capreomycin | Rv3862c p.Cys53Arg | other_variants, amikacin; kanamycin; capreomycin | Rv3862c c.-75delG | other_variants, amikacin; kanamycin; capreomycin | Rv3862c c.-211C>T | other_variants, streptomycin | Rv3919c c.615A>G | other_variants, streptomycin | Rv3919c p.Glu92Asp | other_variants	Rv0006 p.Asp94Gly, Rv0667 p.Ser450Leu, EBG00000313325 n.514A>C, EBG00000313325 n.1401A>G, Rv1908c p.Ser315Thr, Rv2043c p.Thr160Ala, Rv2043c p.Thr100Ile, Rv3795 p.Met306Ile, Rv3854c p.Gly43Cys, Rv0006 p.Glu21Gln, Rv0006 p.Ser95Thr, Rv0006 p.Gly668Asp, Rv0407 c.546C>G, Rv0407 p.Lys183Met, Rv0407 c.960T>C, Rv0486 p.Ala187Val, Rv0529 p.Ile245Met, Rv0565c c.390G>A, Rv0565c p.Arg110His, Rv0667 c.3225T>C, Rv0668 p.Asp485Tyr, Rv0676c c.2889G>A, Rv0676c p.Ile948Val, Rv0676c p.Thr794Ile, Rv0676c p.Asp767Asn, Rv0677c c.-710C>G, Rv0682 c.-165T>C, Rv1129c c.-28T>C, Rv1258c c.580_581insC, EBG00000313325 n.-187C>T, Rv1630 c.636A>C, Rv1644 p.Leu232Pro, Rv1694 c.33A>G, Rv1908c p.Arg463Leu, Rv1918c p.Leu896Ser, Rv1979c c.-129A>G, Rv2780 c.-32T>C, Rv3083 p.Trp271*, Rv3197A c.-219_-218insT, Rv3236c p.Thr102Ala, Rv3245c p.Met517Leu, Rv3245c p.Pro18Ser, Rv3423c c.-8C>T, Rv3696c c.572dupG, Rv3793 c.2781C>T, Rv3794 c.228C>T, Rv3795 p.Leu402Val, Rv3805c p.Asp397Gly, Rv3862c p.Cys53Arg, Rv3862c c.-75delG, Rv3862c c.-211C>T, Rv3919c c.615A>G, Rv3919c p.Glu92Asp	success
0007_ERR14370882	Pre-XDR-TB	levofloxacin, moxifloxacin, rifampicin, streptomycin, capreomycin, isoniazid, pyrazinamide, kanamycin, ethambutol, ethionamide	levofloxacin; moxifloxacin | Rv0006 p.Asp94Gly | dr_variants, rifampicin | Rv0667 p.Ser450Leu | dr_variants, streptomycin | Rv0682 p.Lys43Arg | dr_variants, capreomycin | Rv1694 c.80dupT | dr_variants, isoniazid | Rv1908c p.Ser315Thr | dr_variants, pyrazinamide | Rv2043c p.Val139Met | dr_variants, kanamycin | Rv2416c c.-12C>T | dr_variants, isoniazid | Rv2428 c.-48G>A | dr_variants, ethambutol | Rv3795 p.Met306Val | dr_variants, ethionamide | Rv3854c c.597delC | dr_variants, levofloxacin; moxifloxacin; ofloxacin | Rv0005 p.Val457Leu | other_variants, levofloxacin; moxifloxacin; ofloxacin | Rv0006 p.Glu21Gln | other_variants, levofloxacin; moxifloxacin; ofloxacin | Rv0006 p.Ser95Thr | other_variants, levofloxacin; moxifloxacin; ofloxacin | Rv0006 p.Gly668Asp | other_variants, ethionamide | Rv0565c p.Ser68Pro | other_variants, rifampicin | Rv0668 p.Gly594Glu | other_variants, rifampicin | Rv0668 p.Asp943Ala | other_variants, bedaquiline; clofazimine | Rv0676c p.Ile948Val | other_variants, streptomycin | Rv0682 c.-165T>C | other_variants, linezolid | Rv0701 c.-590T>C | other_variants, linezolid | Rv0701 c.546G>A | other_variants, streptomycin; amikacin; kanamycin; capreomycin | EBG00000313325 n.-187C>T | other_variants, linezolid | Rv1644 p.Leu232Pro | other_variants, capreomycin | Rv1694 c.33A>G | other_variants, streptomycin; amikacin; kanamycin; capreomycin | Rv1819c c.1650dupG | other_variants, bedaquiline; clofazimine | Rv1979c c.-129A>G | other_variants, cycloserine | Rv2780 c.-32T>C | other_variants, ethionamide | Rv3083 p.Met371Ile | other_variants, rifampicin; bedaquiline | Rv3245c p.Met517Leu | other_variants, isoniazid; rifampicin; ethambutol; streptomycin; levofloxacin; moxifloxacin; ofloxacin | Rv3696c p.Leu319Phe | other_variants, isoniazid; rifampicin; ethambutol; streptomycin; levofloxacin; moxifloxacin; ofloxacin | Rv3696c c.572dupG | other_variants, ethambutol | Rv3793 c.2781C>T | other_variants, ethambutol | Rv3793 p.Val981Leu | other_variants, ethambutol | Rv3795 c.2895G>A | other_variants, amikacin; kanamycin; capreomycin | Rv3862c c.-75delG | other_variants, amikacin; kanamycin; capreomycin | Rv3862c c.-211C>T | other_variants	Rv0006 p.Asp94Gly, Rv0667 p.Ser450Leu, Rv0682 p.Lys43Arg, Rv1694 c.80dupT, Rv1908c p.Ser315Thr, Rv2043c p.Val139Met, Rv2416c c.-12C>T, Rv2428 c.-48G>A, Rv3795 p.Met306Val, Rv3854c c.597delC, Rv0005 p.Val457Leu, Rv0006 p.Glu21Gln, Rv0006 p.Ser95Thr, Rv0006 p.Gly668Asp, Rv0565c p.Ser68Pro, Rv0668 p.Gly594Glu, Rv0668 p.Asp943Ala, Rv0676c p.Ile948Val, Rv0682 c.-165T>C, Rv0701 c.-590T>C, Rv0701 c.546G>A, EBG00000313325 n.-187C>T, Rv1644 p.Leu232Pro, Rv1694 c.33A>G, Rv1819c c.1650dupG, Rv1979c c.-129A>G, Rv2780 c.-32T>C, Rv3083 p.Met371Ile, Rv3245c p.Met517Leu, Rv3696c p.Leu319Phe, Rv3696c c.572dupG, Rv3793 c.2781C>T, Rv3793 p.Val981Leu, Rv3795 c.2895G>A, Rv3862c c.-75delG, Rv3862c c.-211C>T	success
0008_ERR14985255	MDR-TB	rifampicin, ethionamide, isoniazid, ethambutol	rifampicin | Rv0667 p.Ser450Leu | dr_variants, ethionamide; isoniazid | Rv1484 c.-777C>T | dr_variants, ethionamide; isoniazid | Rv1484 p.Ile194Thr | dr_variants, ethambutol | Rv3795 p.Met306Val | dr_variants, ethionamide | Rv3855 p.Ala95Thr | dr_variants, levofloxacin; moxifloxacin; ofloxacin | Rv0006 p.Glu21Gln | other_variants, levofloxacin; moxifloxacin; ofloxacin | Rv0006 p.Ser95Thr | other_variants, levofloxacin; moxifloxacin; ofloxacin | Rv0006 p.Gly668Asp | other_variants, clofazimine; delamanid; pretomanid | Rv0407 c.960T>C | other_variants, isoniazid; ethionamide | Rv0486 p.Ala187Val | other_variants, amikacin; kanamycin; capreomycin | Rv0529 p.Ile245Met | other_variants, ethionamide | Rv0565c c.390G>A | other_variants, ethionamide | Rv0565c p.Arg110His | other_variants, rifampicin | Rv0667 p.Tyr308Cys | other_variants, rifampicin | Rv0667 c.3225T>C | other_variants, rifampicin | Rv0668 c.186C>T | other_variants, bedaquiline; clofazimine | Rv0676c p.Ile948Val | other_variants, bedaquiline; clofazimine | Rv0676c p.Thr794Ile | other_variants, bedaquiline; clofazimine | Rv0676c p.Asp767Asn | other_variants, bedaquiline; clofazimine | Rv0677c c.-74G>T | other_variants, bedaquiline; clofazimine | Rv0677c c.-710C>G | other_variants, streptomycin | Rv0682 c.-165T>C | other_variants, isoniazid; rifampicin; levofloxacin; moxifloxacin; ofloxacin | Rv1129c c.-28T>C | other_variants, isoniazid; pyrazinamide; streptomycin | Rv1258c c.580_581insC | other_variants, streptomycin; amikacin; kanamycin; capreomycin | EBG00000313325 n.-187C>T | other_variants, streptomycin; amikacin; kanamycin; capreomycin | EBG00000313325 n.761C>G | other_variants, streptomycin; amikacin; kanamycin; capreomycin | EBG00000313325 n.771G>A | other_variants, streptomycin; amikacin; kanamycin; capreomycin | EBG00000313325 n.800G>C | other_variants, streptomycin; amikacin; kanamycin; capreomycin | EBG00000313325 n.810G>T | other_variants, streptomycin; amikacin; kanamycin; capreomycin | EBG00000313325 n.815T>A | other_variants, streptomycin; amikacin; kanamycin; capreomycin | EBG00000313325 n.821G>T | other_variants, streptomycin; amikacin; kanamycin; capreomycin | EBG00000313325 n.828T>G | other_variants, streptomycin; amikacin; kanamycin; capreomycin | EBG00000313325 n.842A>T | other_variants, streptomycin; amikacin; kanamycin; capreomycin | EBG00000313325 n.852T>C | other_variants, streptomycin; amikacin; kanamycin; capreomycin | EBG00000313325 n.1137G>A | other_variants, streptomycin; amikacin; kanamycin; capreomycin | EBG00000313325 n.1142G>A | other_variants, streptomycin; amikacin; kanamycin; capreomycin | EBG00000313325 n.1145A>G | other_variants, streptomycin; amikacin; kanamycin; capreomycin | EBG00000313325 n.1148G>T | other_variants, streptomycin; amikacin; kanamycin; capreomycin | EBG00000313325 n.1190G>A | other_variants, streptomycin; amikacin; kanamycin; capreomycin | EBG00000313325 n.1210C>T | other_variants, streptomycin; amikacin; kanamycin; capreomycin | EBG00000313325 n.1211A>T | other_variants, streptomycin; amikacin; kanamycin; capreomycin | EBG00000313325 n.1221A>G | other_variants, streptomycin; amikacin; kanamycin; capreomycin | EBG00000313325 n.1252G>A | other_variants, streptomycin; amikacin; kanamycin; capreomycin | EBG00000313325 n.1255G>A | other_variants, streptomycin; amikacin; kanamycin; capreomycin | EBG00000313325 n.1265T>G | other_variants, streptomycin; amikacin; kanamycin; capreomycin | EBG00000313325 n.1266A>G | other_variants, streptomycin; amikacin; kanamycin; capreomycin | EBG00000313325 n.1276T>C | other_variants, streptomycin; amikacin; kanamycin; capreomycin | EBG00000313325 n.1277T>A | other_variants, streptomycin; amikacin; kanamycin; capreomycin | EBG00000313325 n.1289T>C | other_variants, streptomycin; amikacin; kanamycin; capreomycin | EBG00000313325 n.1300C>T | other_variants, streptomycin; amikacin; kanamycin; capreomycin | EBG00000313325 n.1302G>A | other_variants, streptomycin; amikacin; kanamycin; capreomycin | EBG00000313325 n.1319C>T | other_variants, streptomycin; amikacin; kanamycin; capreomycin | EBG00000313325 n.1321G>A | other_variants, streptomycin; amikacin; kanamycin; capreomycin | EBG00000313325 n.1381C>T | other_variants, capreomycin; linezolid | EBG00000313339 n.880G>A | other_variants, capreomycin; linezolid | EBG00000313339 n.901G>A | other_variants, capreomycin; linezolid | EBG00000313339 n.926C>T | other_variants, capreomycin; linezolid | EBG00000313339 n.944C>T | other_variants, capreomycin; linezolid | EBG00000313339 n.975G>T | other_variants, capreomycin; linezolid | EBG00000313339 n.981C>G | other_variants, capreomycin; linezolid | EBG00000313339 n.1133C>T | other_variants, capreomycin; linezolid | EBG00000313339 n.1143T>C | other_variants, capreomycin; linezolid | EBG00000313339 n.1166C>G | other_variants, capreomycin; linezolid | EBG00000313339 n.1175A>T | other_variants, capreomycin; linezolid | EBG00000313339 n.2096C>G | other_variants, capreomycin; linezolid | EBG00000313339 n.2101_2102delACinsG | other_variants, capreomycin; linezolid | EBG00000313339 n.2111_2112delGTinsC | other_variants, capreomycin; linezolid | EBG00000313339 n.2118G>T | other_variants, capreomycin; linezolid | EBG00000313339 n.2320A>G | other_variants, capreomycin; linezolid | EBG00000313339 n.2543A>T | other_variants, capreomycin; linezolid | EBG00000313339 n.2544C>T | other_variants, capreomycin; linezolid | EBG00000313339 n.2557G>T | other_variants, capreomycin; linezolid | EBG00000313339 n.2567A>G | other_variants, capreomycin; linezolid | EBG00000313339 n.2588C>T | other_variants, capreomycin; linezolid | EBG00000313339 n.2593C>G | other_variants, capreomycin; linezolid | EBG00000313339 n.2595T>G | other_variants, capreomycin; linezolid | EBG00000313339 n.2599A>G | other_variants, capreomycin; linezolid | EBG00000313339 n.2600G>C | other_variants, capreomycin; linezolid | EBG00000313339 n.2603A>G | other_variants, capreomycin; linezolid | EBG00000313339 n.2623A>C | other_variants, capreomycin; linezolid | EBG00000313339 n.2624T>C | other_variants, capreomycin; linezolid | EBG00000313339 n.2636C>T | other_variants, capreomycin; linezolid | EBG00000313339 n.2637A>G | other_variants, capreomycin; linezolid | EBG00000313339 n.2638C>G | other_variants, capreomycin; linezolid | EBG00000313339 n.2639C>T | other_variants, capreomycin; linezolid | EBG00000313339 n.2640C>T | other_variants, capreomycin; linezolid | EBG00000313339 n.2641C>G | other_variants, capreomycin; linezolid | EBG00000313339 n.2643G>T | other_variants, capreomycin; linezolid | EBG00000313339 n.2644A>T | other_variants, capreomycin; linezolid | EBG00000313339 n.2645G>A | other_variants, capreomycin; linezolid | EBG00000313339 n.2652G>C | other_variants, capreomycin; linezolid | EBG00000313339 n.2654G>C | other_variants, capreomycin; linezolid | EBG00000313339 n.2655T>C | other_variants, capreomycin; linezolid | EBG00000313339 n.2656G>A | other_variants, capreomycin; linezolid | EBG00000313339 n.2675G>C | other_variants, capreomycin; linezolid | EBG00000313339 n.2680C>T | other_variants, capreomycin; linezolid | EBG00000313339 n.2681C>T | other_variants, capreomycin; linezolid | EBG00000313339 n.2696G>T | other_variants, capreomycin; linezolid | EBG00000313339 n.2701T>C | other_variants, capreomycin; linezolid | EBG00000313339 n.2702C>G | other_variants, capreomycin; linezolid | EBG00000313339 n.2712C>T | other_variants, capreomycin; linezolid | EBG00000313339 n.2715T>C | other_variants, capreomycin; linezolid | EBG00000313339 n.2724G>C | other_variants, capreomycin; linezolid | EBG00000313339 n.2725A>G | other_variants, capreomycin; linezolid | EBG00000313339 n.2726T>A | other_variants, capreomycin; linezolid | EBG00000313339 n.2768G>T | other_variants, capreomycin; linezolid | EBG00000313339 n.2771C>T | other_variants, capreomycin; linezolid | EBG00000313339 n.2772A>C | other_variants, capreomycin; linezolid | EBG00000313339 n.2809C>T | other_variants, capreomycin; linezolid | EBG00000313339 n.2824T>C | other_variants, capreomycin; linezolid | EBG00000313339 n.2849T>C | other_variants, pyrazinamide | Rv1630 c.636A>C | other_variants, linezolid | Rv1644 p.Leu232Pro | other_variants, capreomycin | Rv1694 c.33A>G | other_variants, isoniazid | Rv1908c p.Arg463Leu | other_variants, pyrazinamide | Rv1918c p.Leu896Ser | other_variants, bedaquiline; clofazimine | Rv1979c c.-129A>G | other_variants, cycloserine | Rv2780 c.-32T>C | other_variants, pyrazinamide | Rv3236c p.Thr102Ala | other_variants, rifampicin; bedaquiline | Rv3245c p.Met517Leu | other_variants, rifampicin; bedaquiline | Rv3245c p.Pro18Ser | other_variants, rifampicin | Rv3457c c.-546A>T | other_variants, ethambutol | Rv3793 c.2781C>T | other_variants, ethambutol | Rv3794 c.228C>T | other_variants, ethambutol | Rv3805c p.Asp397Gly | other_variants, amikacin; kanamycin; capreomycin | Rv3862c c.-75delG | other_variants, amikacin; kanamycin; capreomycin | Rv3862c c.-211C>T | other_variants, streptomycin | Rv3919c c.615A>G | other_variants, streptomycin | Rv3919c p.Glu92Asp | other_variants	Rv0667 p.Ser450Leu, Rv1484 c.-777C>T, Rv1484 p.Ile194Thr, Rv3795 p.Met306Val, Rv3855 p.Ala95Thr, Rv0006 p.Glu21Gln, Rv0006 p.Ser95Thr, Rv0006 p.Gly668Asp, Rv0407 c.960T>C, Rv0486 p.Ala187Val, Rv0529 p.Ile245Met, Rv0565c c.390G>A, Rv0565c p.Arg110His, Rv0667 p.Tyr308Cys, Rv0667 c.3225T>C, Rv0668 c.186C>T, Rv0676c p.Ile948Val, Rv0676c p.Thr794Ile, Rv0676c p.Asp767Asn, Rv0677c c.-74G>T, Rv0677c c.-710C>G, Rv0682 c.-165T>C, Rv1129c c.-28T>C, Rv1258c c.580_581insC, EBG00000313325 n.-187C>T, EBG00000313325 n.761C>G, EBG00000313325 n.771G>A, EBG00000313325 n.800G>C, EBG00000313325 n.810G>T, EBG00000313325 n.815T>A, EBG00000313325 n.821G>T, EBG00000313325 n.828T>G, EBG00000313325 n.842A>T, EBG00000313325 n.852T>C, EBG00000313325 n.1137G>A, EBG00000313325 n.1142G>A, EBG00000313325 n.1145A>G, EBG00000313325 n.1148G>T, EBG00000313325 n.1190G>A, EBG00000313325 n.1210C>T, EBG00000313325 n.1211A>T, EBG00000313325 n.1221A>G, EBG00000313325 n.1252G>A, EBG00000313325 n.1255G>A, EBG00000313325 n.1265T>G, EBG00000313325 n.1266A>G, EBG00000313325 n.1276T>C, EBG00000313325 n.1277T>A, EBG00000313325 n.1289T>C, EBG00000313325 n.1300C>T, EBG00000313325 n.1302G>A, EBG00000313325 n.1319C>T, EBG00000313325 n.1321G>A, EBG00000313325 n.1381C>T, EBG00000313339 n.880G>A, EBG00000313339 n.901G>A, EBG00000313339 n.926C>T, EBG00000313339 n.944C>T, EBG00000313339 n.975G>T, EBG00000313339 n.981C>G, EBG00000313339 n.1133C>T, EBG00000313339 n.1143T>C, EBG00000313339 n.1166C>G, EBG00000313339 n.1175A>T, EBG00000313339 n.2096C>G, EBG00000313339 n.2101_2102delACinsG, EBG00000313339 n.2111_2112delGTinsC, EBG00000313339 n.2118G>T, EBG00000313339 n.2320A>G, EBG00000313339 n.2543A>T, EBG00000313339 n.2544C>T, EBG00000313339 n.2557G>T, EBG00000313339 n.2567A>G, EBG00000313339 n.2588C>T, EBG00000313339 n.2593C>G, EBG00000313339 n.2595T>G, EBG00000313339 n.2599A>G, EBG00000313339 n.2600G>C, EBG00000313339 n.2603A>G, EBG00000313339 n.2623A>C, EBG00000313339 n.2624T>C, EBG00000313339 n.2636C>T, EBG00000313339 n.2637A>G, EBG00000313339 n.2638C>G, EBG00000313339 n.2639C>T, EBG00000313339 n.2640C>T, EBG00000313339 n.2641C>G, EBG00000313339 n.2643G>T, EBG00000313339 n.2644A>T, EBG00000313339 n.2645G>A, EBG00000313339 n.2652G>C, EBG00000313339 n.2654G>C, EBG00000313339 n.2655T>C, EBG00000313339 n.2656G>A, EBG00000313339 n.2675G>C, EBG00000313339 n.2680C>T, EBG00000313339 n.2681C>T, EBG00000313339 n.2696G>T, EBG00000313339 n.2701T>C, EBG00000313339 n.2702C>G, EBG00000313339 n.2712C>T, EBG00000313339 n.2715T>C, EBG00000313339 n.2724G>C, EBG00000313339 n.2725A>G, EBG00000313339 n.2726T>A, EBG00000313339 n.2768G>T, EBG00000313339 n.2771C>T, EBG00000313339 n.2772A>C, EBG00000313339 n.2809C>T, EBG00000313339 n.2824T>C, EBG00000313339 n.2849T>C, Rv1630 c.636A>C, Rv1644 p.Leu232Pro, Rv1694 c.33A>G, Rv1908c p.Arg463Leu, Rv1918c p.Leu896Ser, Rv1979c c.-129A>G, Rv2780 c.-32T>C, Rv3236c p.Thr102Ala, Rv3245c p.Met517Leu, Rv3245c p.Pro18Ser, Rv3457c c.-546A>T, Rv3793 c.2781C>T, Rv3794 c.228C>T, Rv3805c p.Asp397Gly, Rv3862c c.-75delG, Rv3862c c.-211C>T, Rv3919c c.615A>G, Rv3919c p.Glu92Asp	success
0009_ERR14985278	MDR-TB	rifampicin, isoniazid	rifampicin | Rv0667 p.Asp435Tyr | dr_variants, isoniazid | Rv1908c p.Ser315Asn | dr_variants, levofloxacin; moxifloxacin; ofloxacin | Rv0006 p.Glu21Gln | other_variants, ethionamide | Rv0565c c.1204_1205delAC | other_variants, rifampicin | Rv0639 c.405A>G | other_variants, bedaquiline; clofazimine | Rv0676c p.Ile948Val | other_variants, streptomycin | Rv0682 c.-165T>C | other_variants, streptomycin; amikacin; kanamycin; capreomycin | EBG00000313325 n.-187C>T | other_variants, streptomycin; amikacin; kanamycin; capreomycin | EBG00000313325 n.685G>A | other_variants, streptomycin; amikacin; kanamycin; capreomycin | EBG00000313325 n.692C>T | other_variants, streptomycin; amikacin; kanamycin; capreomycin | EBG00000313325 n.699C>A | other_variants, streptomycin; amikacin; kanamycin; capreomycin | EBG00000313325 n.700A>T | other_variants, streptomycin; amikacin; kanamycin; capreomycin | EBG00000313325 n.721G>A | other_variants, streptomycin; amikacin; kanamycin; capreomycin | EBG00000313325 n.726G>C | other_variants, streptomycin; amikacin; kanamycin; capreomycin | EBG00000313325 n.736A>T | other_variants, streptomycin; amikacin; kanamycin; capreomycin | EBG00000313325 n.753A>C | other_variants, streptomycin; amikacin; kanamycin; capreomycin | EBG00000313325 n.754G>T | other_variants, streptomycin; amikacin; kanamycin; capreomycin | EBG00000313325 n.771G>A | other_variants, streptomycin; amikacin; kanamycin; capreomycin | EBG00000313325 n.810G>A | other_variants, streptomycin; amikacin; kanamycin; capreomycin | EBG00000313325 n.813G>A | other_variants, streptomycin; amikacin; kanamycin; capreomycin | EBG00000313325 n.816A>G | other_variants, streptomycin; amikacin; kanamycin; capreomycin | EBG00000313325 n.830T>C | other_variants, streptomycin; amikacin; kanamycin; capreomycin | EBG00000313325 n.845C>A | other_variants, streptomycin; amikacin; kanamycin; capreomycin | EBG00000313325 n.852T>C | other_variants, capreomycin; linezolid | EBG00000313339 n.344C>T | other_variants, capreomycin; linezolid | EBG00000313339 n.2696G>T | other_variants, capreomycin; linezolid | EBG00000313339 n.2701T>C | other_variants, capreomycin; linezolid | EBG00000313339 n.2712C>T | other_variants, capreomycin; linezolid | EBG00000313339 n.2715T>C | other_variants, capreomycin; linezolid | EBG00000313339 n.2725A>G | other_variants, capreomycin; linezolid | EBG00000313339 n.2726T>A | other_variants, capreomycin; linezolid | EBG00000313339 n.2768G>T | other_variants, capreomycin; linezolid | EBG00000313339 n.2771C>T | other_variants, capreomycin; linezolid | EBG00000313339 n.2772A>C | other_variants, capreomycin; linezolid | EBG00000313339 n.2824T>C | other_variants, capreomycin | Rv1694 c.33A>G | other_variants, streptomycin; amikacin; kanamycin; capreomycin | Rv1819c p.Lys549Thr | other_variants, pyrazinamide | Rv1918c p.Pro822Ser | other_variants, pyrazinamide | Rv1918c c.642T>C | other_variants, bedaquiline; clofazimine | Rv1979c c.-129A>G | other_variants, capreomycin | Rv2680 c.-257G>A | other_variants, ethionamide | Rv3083 c.5_*1407del | other_variants, pyrazinamide | Rv3236c c.-520A>G | other_variants, pyrazinamide | Rv3596c p.Asp326Asn | other_variants, ethambutol | Rv3793 c.2781C>T | other_variants, amikacin; kanamycin; capreomycin | Rv3862c c.-75delG | other_variants	Rv0667 p.Asp435Tyr, Rv1908c p.Ser315Asn, Rv0006 p.Glu21Gln, Rv0565c c.1204_1205delAC, Rv0639 c.405A>G, Rv0676c p.Ile948Val, Rv0682 c.-165T>C, EBG00000313325 n.-187C>T, EBG00000313325 n.685G>A, EBG00000313325 n.692C>T, EBG00000313325 n.699C>A, EBG00000313325 n.700A>T, EBG00000313325 n.721G>A, EBG00000313325 n.726G>C, EBG00000313325 n.736A>T, EBG00000313325 n.753A>C, EBG00000313325 n.754G>T, EBG00000313325 n.771G>A, EBG00000313325 n.810G>A, EBG00000313325 n.813G>A, EBG00000313325 n.816A>G, EBG00000313325 n.830T>C, EBG00000313325 n.845C>A, EBG00000313325 n.852T>C, EBG00000313339 n.344C>T, EBG00000313339 n.2696G>T, EBG00000313339 n.2701T>C, EBG00000313339 n.2712C>T, EBG00000313339 n.2715T>C, EBG00000313339 n.2725A>G, EBG00000313339 n.2726T>A, EBG00000313339 n.2768G>T, EBG00000313339 n.2771C>T, EBG00000313339 n.2772A>C, EBG00000313339 n.2824T>C, Rv1694 c.33A>G, Rv1819c p.Lys549Thr, Rv1918c p.Pro822Ser, Rv1918c c.642T>C, Rv1979c c.-129A>G, Rv2680 c.-257G>A, Rv3083 c.5_*1407del, Rv3236c c.-520A>G, Rv3596c p.Asp326Asn, Rv3793 c.2781C>T, Rv3862c c.-75delG	success
0010_ERR15827596	No resistance detected by TB-Profiler	None reported	levofloxacin; moxifloxacin; ofloxacin | Rv0005 p.Val457Leu | other_variants, levofloxacin; moxifloxacin; ofloxacin | Rv0006 p.Glu21Gln | other_variants, levofloxacin; moxifloxacin; ofloxacin | Rv0006 p.Ser95Thr | other_variants, levofloxacin; moxifloxacin; ofloxacin | Rv0006 p.Gly668Asp | other_variants, clofazimine; delamanid; pretomanid | Rv0407 c.960T>C | other_variants, isoniazid; ethionamide | Rv0486 p.Ala187Val | other_variants, amikacin; kanamycin; capreomycin | Rv0529 p.Ile245Met | other_variants, ethionamide | Rv0565c c.390G>A | other_variants, ethionamide | Rv0565c p.Arg110His | other_variants, ethionamide | Rv0565c p.Ser68Pro | other_variants, rifampicin | Rv0667 c.3225T>C | other_variants, rifampicin | Rv0668 p.Gly594Glu | other_variants, bedaquiline; clofazimine | Rv0676c p.Ile948Val | other_variants, bedaquiline; clofazimine | Rv0676c p.Thr794Ile | other_variants, bedaquiline; clofazimine | Rv0676c p.Asp767Asn | other_variants, bedaquiline; clofazimine | Rv0677c c.-710C>G | other_variants, streptomycin | Rv0682 c.-259C>T | other_variants, streptomycin | Rv0682 c.-165T>C | other_variants, linezolid | Rv0701 c.-590T>C | other_variants, linezolid | Rv0701 c.546G>A | other_variants, isoniazid; rifampicin; levofloxacin; moxifloxacin; ofloxacin | Rv1129c c.-28T>C | other_variants, isoniazid; pyrazinamide; streptomycin | Rv1258c c.580_581insC | other_variants, streptomycin; amikacin; kanamycin; capreomycin | EBG00000313325 n.-187C>T | other_variants, pyrazinamide | Rv1630 c.636A>C | other_variants, pyrazinamide | Rv1630 p.Asp352Glu | other_variants, pyrazinamide | Rv1630 c.1057C>T | other_variants, linezolid | Rv1644 p.Leu232Pro | other_variants, capreomycin | Rv1694 c.33A>G | other_variants, isoniazid | Rv1908c p.Arg463Leu | other_variants, pyrazinamide | Rv1918c p.Leu896Ser | other_variants, bedaquiline; clofazimine | Rv1979c p.Tyr51Asn | other_variants, bedaquiline; clofazimine | Rv1979c c.-129A>G | other_variants, amikacin; kanamycin | Rv2416c p.Val163Ile | other_variants, cycloserine | Rv2780 c.-32T>C | other_variants, pyrazinamide | Rv3236c p.Thr102Ala | other_variants, rifampicin; bedaquiline | Rv3245c p.Met517Leu | other_variants, rifampicin; bedaquiline | Rv3245c p.Pro18Ser | other_variants, pyrazinamide | Rv3596c p.Lys148Asn | other_variants, ethambutol | Rv3793 c.2781C>T | other_variants, ethambutol | Rv3793 p.Val981Leu | other_variants, ethambutol | Rv3794 c.228C>T | other_variants, ethambutol | Rv3795 p.Thr11Pro | other_variants, ethambutol | Rv3795 p.Pro12Gln | other_variants, ethambutol | Rv3795 c.54_55insT | other_variants, ethambutol | Rv3795 c.1602C>T | other_variants, ethambutol | Rv3795 c.2895G>A | other_variants, ethambutol | Rv3805c p.Asp397Gly | other_variants, amikacin; kanamycin; capreomycin | Rv3862c c.-75delG | other_variants, amikacin; kanamycin; capreomycin | Rv3862c c.-211C>T | other_variants, streptomycin | Rv3919c c.615A>G | other_variants, streptomycin | Rv3919c p.Glu92Asp | other_variants	Rv0005 p.Val457Leu, Rv0006 p.Glu21Gln, Rv0006 p.Ser95Thr, Rv0006 p.Gly668Asp, Rv0407 c.960T>C, Rv0486 p.Ala187Val, Rv0529 p.Ile245Met, Rv0565c c.390G>A, Rv0565c p.Arg110His, Rv0565c p.Ser68Pro, Rv0667 c.3225T>C, Rv0668 p.Gly594Glu, Rv0676c p.Ile948Val, Rv0676c p.Thr794Ile, Rv0676c p.Asp767Asn, Rv0677c c.-710C>G, Rv0682 c.-259C>T, Rv0682 c.-165T>C, Rv0701 c.-590T>C, Rv0701 c.546G>A, Rv1129c c.-28T>C, Rv1258c c.580_581insC, EBG00000313325 n.-187C>T, Rv1630 c.636A>C, Rv1630 p.Asp352Glu, Rv1630 c.1057C>T, Rv1644 p.Leu232Pro, Rv1694 c.33A>G, Rv1908c p.Arg463Leu, Rv1918c p.Leu896Ser, Rv1979c p.Tyr51Asn, Rv1979c c.-129A>G, Rv2416c p.Val163Ile, Rv2780 c.-32T>C, Rv3236c p.Thr102Ala, Rv3245c p.Met517Leu, Rv3245c p.Pro18Ser, Rv3596c p.Lys148Asn, Rv3793 c.2781C>T, Rv3793 p.Val981Leu, Rv3794 c.228C>T, Rv3795 p.Thr11Pro, Rv3795 p.Pro12Gln, Rv3795 c.54_55insT, Rv3795 c.1602C>T, Rv3795 c.2895G>A, Rv3805c p.Asp397Gly, Rv3862c c.-75delG, Rv3862c c.-211C>T, Rv3919c c.615A>G, Rv3919c p.Glu92Asp	success
0011_ERR15827597	No resistance detected by TB-Profiler	None reported	levofloxacin; moxifloxacin; ofloxacin | Rv0005 p.Val457Leu | other_variants, levofloxacin; moxifloxacin; ofloxacin | Rv0006 p.Glu21Gln | other_variants, levofloxacin; moxifloxacin; ofloxacin | Rv0006 p.Ser95Thr | other_variants, levofloxacin; moxifloxacin; ofloxacin | Rv0006 p.Gly668Asp | other_variants, clofazimine; delamanid; pretomanid | Rv0407 c.960T>C | other_variants, isoniazid; ethionamide | Rv0486 p.Ala187Val | other_variants, amikacin; kanamycin; capreomycin | Rv0529 p.Ile245Met | other_variants, ethionamide | Rv0565c c.390G>A | other_variants, ethionamide | Rv0565c p.Arg110His | other_variants, ethionamide | Rv0565c p.Ser68Pro | other_variants, rifampicin | Rv0667 c.3225T>C | other_variants, rifampicin | Rv0668 p.Gly594Glu | other_variants, bedaquiline; clofazimine | Rv0676c p.Ile948Val | other_variants, bedaquiline; clofazimine | Rv0676c p.Thr794Ile | other_variants, bedaquiline; clofazimine | Rv0676c p.Asp767Asn | other_variants, bedaquiline; clofazimine | Rv0677c c.-710C>G | other_variants, streptomycin | Rv0682 c.-259C>T | other_variants, streptomycin | Rv0682 c.-165T>C | other_variants, linezolid | Rv0701 c.-590T>C | other_variants, linezolid | Rv0701 c.546G>A | other_variants, isoniazid; rifampicin; levofloxacin; moxifloxacin; ofloxacin | Rv1129c c.-28T>C | other_variants, isoniazid; pyrazinamide; streptomycin | Rv1258c c.580_581insC | other_variants, streptomycin; amikacin; kanamycin; capreomycin | EBG00000313325 n.-187C>T | other_variants, capreomycin; linezolid | EBG00000313339 n.2701T>C | other_variants, capreomycin; linezolid | EBG00000313339 n.2712C>T | other_variants, capreomycin; linezolid | EBG00000313339 n.2715T>C | other_variants, capreomycin; linezolid | EBG00000313339 n.2771C>T | other_variants, capreomycin; linezolid | EBG00000313339 n.2824T>C | other_variants, pyrazinamide | Rv1630 c.636A>C | other_variants, pyrazinamide | Rv1630 p.Asp352Glu | other_variants, pyrazinamide | Rv1630 c.1057C>T | other_variants, linezolid | Rv1644 p.Leu232Pro | other_variants, capreomycin | Rv1694 c.33A>G | other_variants, isoniazid | Rv1908c p.Arg463Leu | other_variants, pyrazinamide | Rv1918c p.Leu896Ser | other_variants, bedaquiline; clofazimine | Rv1979c p.Tyr51Asn | other_variants, bedaquiline; clofazimine | Rv1979c c.-129A>G | other_variants, amikacin; kanamycin | Rv2416c p.Val163Ile | other_variants, cycloserine | Rv2780 c.-32T>C | other_variants, pyrazinamide | Rv3236c p.Thr102Ala | other_variants, rifampicin; bedaquiline | Rv3245c p.Met517Leu | other_variants, rifampicin; bedaquiline | Rv3245c p.Pro18Ser | other_variants, pyrazinamide | Rv3596c p.Lys148Asn | other_variants, ethambutol | Rv3793 c.2781C>T | other_variants, ethambutol | Rv3793 p.Val981Leu | other_variants, ethambutol | Rv3794 c.228C>T | other_variants, ethambutol | Rv3795 c.1602C>T | other_variants, ethambutol | Rv3795 c.2895G>A | other_variants, ethambutol | Rv3805c p.Asp397Gly | other_variants, amikacin; kanamycin; capreomycin | Rv3862c c.-75delG | other_variants, amikacin; kanamycin; capreomycin | Rv3862c c.-211C>T | other_variants, streptomycin | Rv3919c c.615A>G | other_variants, streptomycin | Rv3919c p.Glu92Asp | other_variants	Rv0005 p.Val457Leu, Rv0006 p.Glu21Gln, Rv0006 p.Ser95Thr, Rv0006 p.Gly668Asp, Rv0407 c.960T>C, Rv0486 p.Ala187Val, Rv0529 p.Ile245Met, Rv0565c c.390G>A, Rv0565c p.Arg110His, Rv0565c p.Ser68Pro, Rv0667 c.3225T>C, Rv0668 p.Gly594Glu, Rv0676c p.Ile948Val, Rv0676c p.Thr794Ile, Rv0676c p.Asp767Asn, Rv0677c c.-710C>G, Rv0682 c.-259C>T, Rv0682 c.-165T>C, Rv0701 c.-590T>C, Rv0701 c.546G>A, Rv1129c c.-28T>C, Rv1258c c.580_581insC, EBG00000313325 n.-187C>T, EBG00000313339 n.2701T>C, EBG00000313339 n.2712C>T, EBG00000313339 n.2715T>C, EBG00000313339 n.2771C>T, EBG00000313339 n.2824T>C, Rv1630 c.636A>C, Rv1630 p.Asp352Glu, Rv1630 c.1057C>T, Rv1644 p.Leu232Pro, Rv1694 c.33A>G, Rv1908c p.Arg463Leu, Rv1918c p.Leu896Ser, Rv1979c p.Tyr51Asn, Rv1979c c.-129A>G, Rv2416c p.Val163Ile, Rv2780 c.-32T>C, Rv3236c p.Thr102Ala, Rv3245c p.Met517Leu, Rv3245c p.Pro18Ser, Rv3596c p.Lys148Asn, Rv3793 c.2781C>T, Rv3793 p.Val981Leu, Rv3794 c.228C>T, Rv3795 c.1602C>T, Rv3795 c.2895G>A, Rv3805c p.Asp397Gly, Rv3862c c.-75delG, Rv3862c c.-211C>T, Rv3919c c.615A>G, Rv3919c p.Glu92Asp	success
0012_ERR1633838	No resistance detected by TB-Profiler	None reported	ethionamide | Rv3855 p.Phe110Leu | dr_variants, levofloxacin; moxifloxacin; ofloxacin | Rv0006 p.Glu21Gln | other_variants, levofloxacin; moxifloxacin; ofloxacin | Rv0006 p.Ser95Thr | other_variants, levofloxacin; moxifloxacin; ofloxacin | Rv0006 p.Val404Gly | other_variants, levofloxacin; moxifloxacin; ofloxacin | Rv0006 p.Gly668Asp | other_variants, clofazimine; delamanid; pretomanid | Rv0407 p.Lys270Met | other_variants, ethionamide | Rv0565c p.Ser68Pro | other_variants, rifampicin | Rv0667 c.309C>T | other_variants, rifampicin | Rv0668 p.Gly594Glu | other_variants, bedaquiline; clofazimine | Rv0676c p.Ile948Val | other_variants, streptomycin | Rv0682 c.-165T>C | other_variants, linezolid | Rv0701 c.-609C>G | other_variants, linezolid | Rv0701 c.81C>A | other_variants, streptomycin; amikacin; kanamycin; capreomycin | EBG00000313325 n.-187C>T | other_variants, linezolid | Rv1644 p.Leu232Pro | other_variants, capreomycin | Rv1694 c.33A>G | other_variants, pyrazinamide | Rv1918c c.2310G>T | other_variants, bedaquiline; clofazimine | Rv1979c c.-129A>G | other_variants, isoniazid | Rv2245 c.-39C>T | other_variants, capreomycin | Rv2680 c.-20G>A | other_variants, cycloserine | Rv2780 c.-32T>C | other_variants, rifampicin; bedaquiline | Rv3245c p.Met517Leu | other_variants, cycloserine | Rv3423c c.1086C>T | other_variants, ethambutol | Rv3793 c.2781C>T | other_variants, ethambutol | Rv3793 p.Val981Leu | other_variants, ethambutol | Rv3805c c.1746C>A | other_variants, amikacin; kanamycin; capreomycin | Rv3862c c.-75delG | other_variants, amikacin; kanamycin; capreomycin | Rv3862c c.-211C>T | other_variants	Rv3855 p.Phe110Leu, Rv0006 p.Glu21Gln, Rv0006 p.Ser95Thr, Rv0006 p.Val404Gly, Rv0006 p.Gly668Asp, Rv0407 p.Lys270Met, Rv0565c p.Ser68Pro, Rv0667 c.309C>T, Rv0668 p.Gly594Glu, Rv0676c p.Ile948Val, Rv0682 c.-165T>C, Rv0701 c.-609C>G, Rv0701 c.81C>A, EBG00000313325 n.-187C>T, Rv1644 p.Leu232Pro, Rv1694 c.33A>G, Rv1918c c.2310G>T, Rv1979c c.-129A>G, Rv2245 c.-39C>T, Rv2680 c.-20G>A, Rv2780 c.-32T>C, Rv3245c p.Met517Leu, Rv3423c c.1086C>T, Rv3793 c.2781C>T, Rv3793 p.Val981Leu, Rv3805c c.1746C>A, Rv3862c c.-75delG, Rv3862c c.-211C>T	success
0013_ERR1633859	No resistance detected by TB-Profiler	None reported	levofloxacin; moxifloxacin; ofloxacin | Rv0006 p.Glu21Gln | other_variants, levofloxacin; moxifloxacin; ofloxacin | Rv0006 p.Ser95Thr | other_variants, levofloxacin; moxifloxacin; ofloxacin | Rv0006 p.Arg252Leu | other_variants, levofloxacin; moxifloxacin; ofloxacin | Rv0006 p.Gly668Asp | other_variants, clofazimine; delamanid; pretomanid | Rv0407 c.960T>C | other_variants, amikacin; kanamycin; capreomycin | Rv0529 p.Ile245Met | other_variants, ethionamide | Rv0565c p.Ser453Ala | other_variants, ethionamide | Rv0565c c.390G>A | other_variants, ethionamide | Rv0565c p.Arg110His | other_variants, isoniazid | Rv0635 c.216C>T | other_variants, rifampicin | Rv0667 c.-61C>T | other_variants, rifampicin | Rv0667 c.2628T>G | other_variants, rifampicin | Rv0667 c.3225T>C | other_variants, bedaquiline; clofazimine | Rv0676c p.Ile948Val | other_variants, bedaquiline; clofazimine | Rv0676c p.Thr794Ile | other_variants, bedaquiline; clofazimine | Rv0676c p.Asp767Asn | other_variants, bedaquiline; clofazimine | Rv0677c c.-710C>G | other_variants, streptomycin | Rv0682 c.-165T>C | other_variants, isoniazid; rifampicin; levofloxacin; moxifloxacin; ofloxacin | Rv1129c c.-28T>C | other_variants, isoniazid; pyrazinamide; streptomycin | Rv1258c c.580_581insC | other_variants, streptomycin; amikacin; kanamycin; capreomycin | EBG00000313325 n.-187C>T | other_variants, linezolid | Rv1644 p.Leu232Pro | other_variants, capreomycin | Rv1694 c.33A>G | other_variants, pyrazinamide | Rv1918c p.Leu896Ser | other_variants, bedaquiline; clofazimine | Rv1979c c.-129A>G | other_variants, pyrazinamide | Rv2043c c.195C>T | other_variants, pyrazinamide | Rv2043c c.-125delC | other_variants, isoniazid | Rv2428 c.-88G>A | other_variants, rifampicin; ethambutol; streptomycin; levofloxacin; moxifloxacin; ofloxacin; amikacin; kanamycin | Rv2477c c.1545C>T | other_variants, Rv2764c c.48G>T | other_variants, cycloserine | Rv2780 c.-32T>C | other_variants, pyrazinamide | Rv3236c p.Leu266Arg | other_variants, pyrazinamide | Rv3236c p.Thr102Ala | other_variants, rifampicin; bedaquiline | Rv3245c p.Met517Leu | other_variants, rifampicin; bedaquiline | Rv3245c p.Pro18Ser | other_variants, pyrazinamide | Rv3601c c.-591C>T | other_variants, isoniazid; rifampicin; ethambutol; streptomycin; levofloxacin; moxifloxacin; ofloxacin | Rv3696c c.1134C>T | other_variants, isoniazid; rifampicin; ethambutol; streptomycin; levofloxacin; moxifloxacin; ofloxacin | Rv3696c c.1102C>T | other_variants, ethambutol | Rv3793 p.Arg738Gln | other_variants, ethambutol | Rv3793 c.2511C>A | other_variants, ethambutol | Rv3793 c.2781C>T | other_variants, ethambutol | Rv3794 c.228C>T | other_variants, ethambutol | Rv3795 c.54G>T | other_variants, ethambutol | Rv3805c p.Asp397Gly | other_variants, ethionamide | Rv3854c c.-740delC | other_variants, amikacin; kanamycin; capreomycin | Rv3862c c.-75delG | other_variants, amikacin; kanamycin; capreomycin | Rv3862c c.-211C>T | other_variants, streptomycin | Rv3919c c.615A>G | other_variants, streptomycin | Rv3919c p.Glu92Asp | other_variants	Rv0006 p.Glu21Gln, Rv0006 p.Ser95Thr, Rv0006 p.Arg252Leu, Rv0006 p.Gly668Asp, Rv0407 c.960T>C, Rv0529 p.Ile245Met, Rv0565c p.Ser453Ala, Rv0565c c.390G>A, Rv0565c p.Arg110His, Rv0635 c.216C>T, Rv0667 c.-61C>T, Rv0667 c.2628T>G, Rv0667 c.3225T>C, Rv0676c p.Ile948Val, Rv0676c p.Thr794Ile, Rv0676c p.Asp767Asn, Rv0677c c.-710C>G, Rv0682 c.-165T>C, Rv1129c c.-28T>C, Rv1258c c.580_581insC, EBG00000313325 n.-187C>T, Rv1644 p.Leu232Pro, Rv1694 c.33A>G, Rv1918c p.Leu896Ser, Rv1979c c.-129A>G, Rv2043c c.195C>T, Rv2043c c.-125delC, Rv2428 c.-88G>A, Rv2477c c.1545C>T, Rv2764c c.48G>T, Rv2780 c.-32T>C, Rv3236c p.Leu266Arg, Rv3236c p.Thr102Ala, Rv3245c p.Met517Leu, Rv3245c p.Pro18Ser, Rv3601c c.-591C>T, Rv3696c c.1134C>T, Rv3696c c.1102C>T, Rv3793 p.Arg738Gln, Rv3793 c.2511C>A, Rv3793 c.2781C>T, Rv3794 c.228C>T, Rv3795 c.54G>T, Rv3805c p.Asp397Gly, Rv3854c c.-740delC, Rv3862c c.-75delG, Rv3862c c.-211C>T, Rv3919c c.615A>G, Rv3919c p.Glu92Asp	success
0014_ERR16708478	RR-TB	rifampicin	rifampicin | Rv0667 p.Leu430Pro | dr_variants, levofloxacin; moxifloxacin; ofloxacin | Rv0006 p.Glu21Gln | other_variants, levofloxacin; moxifloxacin; ofloxacin | Rv0006 p.Ser95Thr | other_variants, levofloxacin; moxifloxacin; ofloxacin | Rv0006 p.Gly668Asp | other_variants, clofazimine; delamanid; pretomanid | Rv0407 c.960T>C | other_variants, isoniazid; ethionamide | Rv0486 p.Ala187Val | other_variants, amikacin; kanamycin; capreomycin | Rv0529 p.Ile245Met | other_variants, ethionamide | Rv0565c c.390G>A | other_variants, ethionamide | Rv0565c p.Arg110His | other_variants, rifampicin | Rv0667 c.3225T>C | other_variants, bedaquiline; clofazimine | Rv0676c p.Ile948Val | other_variants, bedaquiline; clofazimine | Rv0676c p.Thr794Ile | other_variants, bedaquiline; clofazimine | Rv0676c p.Asp767Asn | other_variants, bedaquiline; clofazimine | Rv0677c c.-710C>G | other_variants, streptomycin | Rv0682 c.-259C>T | other_variants, streptomycin | Rv0682 c.-165T>C | other_variants, isoniazid; rifampicin; levofloxacin; moxifloxacin; ofloxacin | Rv1129c c.-28T>C | other_variants, isoniazid; pyrazinamide; streptomycin | Rv1258c c.580_581insC | other_variants, streptomycin; amikacin; kanamycin; capreomycin | EBG00000313325 n.-187C>T | other_variants, pyrazinamide | Rv1630 c.636A>C | other_variants, linezolid | Rv1644 p.Leu232Pro | other_variants, capreomycin | Rv1694 c.33A>G | other_variants, isoniazid | Rv1908c p.Arg463Leu | other_variants, pyrazinamide | Rv1918c p.Leu896Ser | other_variants, bedaquiline; clofazimine | Rv1979c p.Tyr51Asn | other_variants, bedaquiline; clofazimine | Rv1979c c.-129A>G | other_variants, amikacin; kanamycin | Rv2416c p.Val163Ile | other_variants, cycloserine | Rv2780 c.-32T>C | other_variants, pyrazinamide | Rv3236c p.Thr102Ala | other_variants, rifampicin; bedaquiline | Rv3245c p.Met517Leu | other_variants, rifampicin; bedaquiline | Rv3245c p.Pro18Ser | other_variants, ethambutol | Rv3793 c.2781C>T | other_variants, ethambutol | Rv3794 c.228C>T | other_variants, ethambutol | Rv3795 c.1602C>T | other_variants, ethambutol | Rv3805c p.Asp397Gly | other_variants, amikacin; kanamycin; capreomycin | Rv3862c c.-75delG | other_variants, amikacin; kanamycin; capreomycin | Rv3862c c.-211C>T | other_variants, streptomycin | Rv3919c c.615A>G | other_variants, streptomycin | Rv3919c p.Glu92Asp | other_variants	Rv0667 p.Leu430Pro, Rv0006 p.Glu21Gln, Rv0006 p.Ser95Thr, Rv0006 p.Gly668Asp, Rv0407 c.960T>C, Rv0486 p.Ala187Val, Rv0529 p.Ile245Met, Rv0565c c.390G>A, Rv0565c p.Arg110His, Rv0667 c.3225T>C, Rv0676c p.Ile948Val, Rv0676c p.Thr794Ile, Rv0676c p.Asp767Asn, Rv0677c c.-710C>G, Rv0682 c.-259C>T, Rv0682 c.-165T>C, Rv1129c c.-28T>C, Rv1258c c.580_581insC, EBG00000313325 n.-187C>T, Rv1630 c.636A>C, Rv1644 p.Leu232Pro, Rv1694 c.33A>G, Rv1908c p.Arg463Leu, Rv1918c p.Leu896Ser, Rv1979c p.Tyr51Asn, Rv1979c c.-129A>G, Rv2416c p.Val163Ile, Rv2780 c.-32T>C, Rv3236c p.Thr102Ala, Rv3245c p.Met517Leu, Rv3245c p.Pro18Ser, Rv3793 c.2781C>T, Rv3794 c.228C>T, Rv3795 c.1602C>T, Rv3805c p.Asp397Gly, Rv3862c c.-75delG, Rv3862c c.-211C>T, Rv3919c c.615A>G, Rv3919c p.Glu92Asp	success
0015_ERR16708641	RR-TB	rifampicin	rifampicin | Rv0667 p.His445Asn | dr_variants, levofloxacin; moxifloxacin; ofloxacin | Rv0005 p.Pro94Leu | other_variants, levofloxacin; moxifloxacin; ofloxacin | Rv0005 c.1983C>T | other_variants, levofloxacin; moxifloxacin; ofloxacin | Rv0006 p.Glu21Gln | other_variants, levofloxacin; moxifloxacin; ofloxacin | Rv0006 p.Ser95Thr | other_variants, levofloxacin; moxifloxacin; ofloxacin | Rv0006 p.Gly668Asp | other_variants, rifampicin | Rv0668 c.1626C>G | other_variants, bedaquiline; clofazimine | Rv0676c p.Ile948Val | other_variants, streptomycin | Rv0682 c.-165T>C | other_variants, streptomycin; amikacin; kanamycin; capreomycin | EBG00000313325 n.-187C>T | other_variants, streptomycin; amikacin; kanamycin; capreomycin | EBG00000313325 n.492C>T | other_variants, linezolid | Rv1644 p.Leu232Pro | other_variants, capreomycin | Rv1694 c.33A>G | other_variants, bedaquiline; clofazimine | Rv1979c c.-129A>G | other_variants, Rv2764c p.Thr202Ala | other_variants, cycloserine | Rv2780 c.-32T>C | other_variants, rifampicin; bedaquiline | Rv3245c p.Met517Leu | other_variants, pyrazinamide | Rv3596c c.2418C>T | other_variants, ethambutol | Rv3793 c.2781C>T | other_variants, amikacin; kanamycin; capreomycin | Rv3862c c.-75delG | other_variants, amikacin; kanamycin; capreomycin | Rv3862c c.-211C>T | other_variants, streptomycin | Rv3919c p.Leu16Arg | other_variants	Rv0667 p.His445Asn, Rv0005 p.Pro94Leu, Rv0005 c.1983C>T, Rv0006 p.Glu21Gln, Rv0006 p.Ser95Thr, Rv0006 p.Gly668Asp, Rv0668 c.1626C>G, Rv0676c p.Ile948Val, Rv0682 c.-165T>C, EBG00000313325 n.-187C>T, EBG00000313325 n.492C>T, Rv1644 p.Leu232Pro, Rv1694 c.33A>G, Rv1979c c.-129A>G, Rv2764c p.Thr202Ala, Rv2780 c.-32T>C, Rv3245c p.Met517Leu, Rv3596c c.2418C>T, Rv3793 c.2781C>T, Rv3862c c.-75delG, Rv3862c c.-211C>T, Rv3919c p.Leu16Arg	success
0016_ERR16708648	MDR-TB	rifampicin, bedaquiline, clofazimine, streptomycin, ethionamide, isoniazid, pyrazinamide	rifampicin | Rv0667 p.Ser450Leu | dr_variants, bedaquiline; clofazimine | Rv0678 c.198dupG | dr_variants, streptomycin | Rv0682 p.Lys43Arg | dr_variants, ethionamide; isoniazid | Rv1484 c.-777C>T | dr_variants, pyrazinamide | Rv2043c p.Tyr103* | dr_variants, kanamycin | Rv2416c c.-10G>C | dr_variants, ethionamide | Rv3855 p.Ala95Thr | dr_variants, levofloxacin; moxifloxacin; ofloxacin | Rv0006 p.Glu21Gln | other_variants, levofloxacin; moxifloxacin; ofloxacin | Rv0006 p.Ser95Thr | other_variants, levofloxacin; moxifloxacin; ofloxacin | Rv0006 p.Gly668Asp | other_variants, clofazimine; delamanid; pretomanid | Rv0407 c.960T>C | other_variants, isoniazid; ethionamide | Rv0486 p.Ala187Val | other_variants, amikacin; kanamycin; capreomycin | Rv0529 p.Ile245Met | other_variants, ethionamide | Rv0565c c.390G>A | other_variants, ethionamide | Rv0565c p.Arg110His | other_variants, rifampicin | Rv0667 p.Leu731Pro | other_variants, rifampicin | Rv0667 c.3225T>C | other_variants, rifampicin | Rv0668 c.186C>T | other_variants, bedaquiline; clofazimine | Rv0676c p.Ile948Val | other_variants, bedaquiline; clofazimine | Rv0676c p.Thr794Ile | other_variants, bedaquiline; clofazimine | Rv0676c p.Asp767Asn | other_variants, bedaquiline; clofazimine | Rv0677c c.-74G>T | other_variants, bedaquiline; clofazimine | Rv0677c c.-710C>G | other_variants, streptomycin | Rv0682 c.-165T>C | other_variants, isoniazid; rifampicin; levofloxacin; moxifloxacin; ofloxacin | Rv1129c c.-28T>C | other_variants, isoniazid; pyrazinamide; streptomycin | Rv1258c c.580_581insC | other_variants, streptomycin; amikacin; kanamycin; capreomycin | EBG00000313325 n.-187C>T | other_variants, pyrazinamide | Rv1630 c.636A>C | other_variants, linezolid | Rv1644 p.Leu232Pro | other_variants, capreomycin | Rv1694 c.33A>G | other_variants, isoniazid | Rv1908c p.Arg463Leu | other_variants, pyrazinamide | Rv1918c p.Leu896Ser | other_variants, bedaquiline; clofazimine | Rv1979c c.-129A>G | other_variants, cycloserine | Rv2780 c.-32T>C | other_variants, pyrazinamide | Rv3236c p.Thr102Ala | other_variants, rifampicin; bedaquiline | Rv3245c p.Met517Leu | other_variants, rifampicin; bedaquiline | Rv3245c p.Pro18Ser | other_variants, ethambutol | Rv3793 c.2781C>T | other_variants, ethambutol | Rv3794 c.228C>T | other_variants, ethambutol | Rv3805c p.Asp397Gly | other_variants, amikacin; kanamycin; capreomycin | Rv3862c c.-75delG | other_variants, amikacin; kanamycin; capreomycin | Rv3862c c.-211C>T | other_variants, streptomycin | Rv3919c c.615A>G | other_variants, streptomycin | Rv3919c p.Glu92Asp | other_variants	Rv0667 p.Ser450Leu, Rv0678 c.198dupG, Rv0682 p.Lys43Arg, Rv1484 c.-777C>T, Rv2043c p.Tyr103*, Rv2416c c.-10G>C, Rv3855 p.Ala95Thr, Rv0006 p.Glu21Gln, Rv0006 p.Ser95Thr, Rv0006 p.Gly668Asp, Rv0407 c.960T>C, Rv0486 p.Ala187Val, Rv0529 p.Ile245Met, Rv0565c c.390G>A, Rv0565c p.Arg110His, Rv0667 p.Leu731Pro, Rv0667 c.3225T>C, Rv0668 c.186C>T, Rv0676c p.Ile948Val, Rv0676c p.Thr794Ile, Rv0676c p.Asp767Asn, Rv0677c c.-74G>T, Rv0677c c.-710C>G, Rv0682 c.-165T>C, Rv1129c c.-28T>C, Rv1258c c.580_581insC, EBG00000313325 n.-187C>T, Rv1630 c.636A>C, Rv1644 p.Leu232Pro, Rv1694 c.33A>G, Rv1908c p.Arg463Leu, Rv1918c p.Leu896Ser, Rv1979c c.-129A>G, Rv2780 c.-32T>C, Rv3236c p.Thr102Ala, Rv3245c p.Met517Leu, Rv3245c p.Pro18Ser, Rv3793 c.2781C>T, Rv3794 c.228C>T, Rv3805c p.Asp397Gly, Rv3862c c.-75delG, Rv3862c c.-211C>T, Rv3919c c.615A>G, Rv3919c p.Glu92Asp	success
0017_ERR16708726	MDR-TB	rifampicin, ethionamide, isoniazid	rifampicin | Rv0667 p.Ser450Leu | dr_variants, ethionamide; isoniazid | Rv1484 c.-777C>T | dr_variants, ethionamide | Rv3855 p.Ala95Thr | dr_variants, levofloxacin; moxifloxacin; ofloxacin | Rv0006 p.Glu21Gln | other_variants, levofloxacin; moxifloxacin; ofloxacin | Rv0006 p.Ser95Thr | other_variants, levofloxacin; moxifloxacin; ofloxacin | Rv0006 p.Gly668Asp | other_variants, clofazimine; delamanid; pretomanid | Rv0407 c.960T>C | other_variants, isoniazid; ethionamide | Rv0486 p.Ala187Val | other_variants, amikacin; kanamycin; capreomycin | Rv0529 p.Ile245Met | other_variants, ethionamide | Rv0565c c.390G>A | other_variants, ethionamide | Rv0565c p.Arg110His | other_variants, rifampicin | Rv0667 p.Phe503Ser | other_variants, rifampicin | Rv0667 c.3225T>C | other_variants, rifampicin | Rv0668 c.186C>T | other_variants, bedaquiline; clofazimine | Rv0676c p.Ile948Val | other_variants, bedaquiline; clofazimine | Rv0676c p.Thr794Ile | other_variants, bedaquiline; clofazimine | Rv0676c p.Asp767Asn | other_variants, bedaquiline; clofazimine | Rv0677c c.-74G>T | other_variants, bedaquiline; clofazimine | Rv0677c c.-710C>G | other_variants, streptomycin | Rv0682 c.-165T>C | other_variants, isoniazid; rifampicin; levofloxacin; moxifloxacin; ofloxacin | Rv1129c c.-28T>C | other_variants, isoniazid; pyrazinamide; streptomycin | Rv1258c c.580_581insC | other_variants, streptomycin; amikacin; kanamycin; capreomycin | EBG00000313325 n.-187C>T | other_variants, pyrazinamide | Rv1630 c.636A>C | other_variants, linezolid | Rv1644 p.Leu232Pro | other_variants, capreomycin | Rv1694 c.33A>G | other_variants, isoniazid | Rv1908c p.Arg463Leu | other_variants, pyrazinamide | Rv1918c p.Leu896Ser | other_variants, bedaquiline; clofazimine | Rv1979c c.-129A>G | other_variants, cycloserine | Rv2780 c.-32T>C | other_variants, pyrazinamide | Rv3236c p.Thr102Ala | other_variants, rifampicin; bedaquiline | Rv3245c p.Met517Leu | other_variants, rifampicin; bedaquiline | Rv3245c p.Pro18Ser | other_variants, ethambutol | Rv3793 c.2781C>T | other_variants, ethambutol | Rv3794 c.228C>T | other_variants, ethambutol | Rv3805c p.Asp397Gly | other_variants, amikacin; kanamycin; capreomycin | Rv3862c c.-75delG | other_variants, amikacin; kanamycin; capreomycin | Rv3862c c.-211C>T | other_variants, streptomycin | Rv3919c c.615A>G | other_variants, streptomycin | Rv3919c p.Glu92Asp | other_variants	Rv0667 p.Ser450Leu, Rv1484 c.-777C>T, Rv3855 p.Ala95Thr, Rv0006 p.Glu21Gln, Rv0006 p.Ser95Thr, Rv0006 p.Gly668Asp, Rv0407 c.960T>C, Rv0486 p.Ala187Val, Rv0529 p.Ile245Met, Rv0565c c.390G>A, Rv0565c p.Arg110His, Rv0667 p.Phe503Ser, Rv0667 c.3225T>C, Rv0668 c.186C>T, Rv0676c p.Ile948Val, Rv0676c p.Thr794Ile, Rv0676c p.Asp767Asn, Rv0677c c.-74G>T, Rv0677c c.-710C>G, Rv0682 c.-165T>C, Rv1129c c.-28T>C, Rv1258c c.580_581insC, EBG00000313325 n.-187C>T, Rv1630 c.636A>C, Rv1644 p.Leu232Pro, Rv1694 c.33A>G, Rv1908c p.Arg463Leu, Rv1918c p.Leu896Ser, Rv1979c c.-129A>G, Rv2780 c.-32T>C, Rv3236c p.Thr102Ala, Rv3245c p.Met517Leu, Rv3245c p.Pro18Ser, Rv3793 c.2781C>T, Rv3794 c.228C>T, Rv3805c p.Asp397Gly, Rv3862c c.-75delG, Rv3862c c.-211C>T, Rv3919c c.615A>G, Rv3919c p.Glu92Asp	success
0018_ERR16708840	MDR-TB	rifampicin, isoniazid, pyrazinamide, ethambutol	rifampicin | Rv0667 p.His445Leu | dr_variants, isoniazid | Rv1908c p.Ser315Thr | dr_variants, pyrazinamide | Rv2043c p.Cys72Tyr | dr_variants, ethambutol | Rv3795 p.Met306Val | dr_variants, levofloxacin; moxifloxacin; ofloxacin | Rv0005 p.Val301Leu | other_variants, levofloxacin; moxifloxacin; ofloxacin | Rv0006 p.Glu21Gln | other_variants, levofloxacin; moxifloxacin; ofloxacin | Rv0006 p.Ser95Thr | other_variants, levofloxacin; moxifloxacin; ofloxacin | Rv0006 p.Gly668Asp | other_variants, isoniazid | Rv0010c c.294G>A | other_variants, isoniazid | Rv0010c c.-58C>A | other_variants, rifampicin | Rv0668 c.1626C>G | other_variants, bedaquiline; clofazimine | Rv0676c p.Ile948Val | other_variants, streptomycin | Rv0682 c.-165T>C | other_variants, streptomycin; amikacin; kanamycin; capreomycin | EBG00000313325 n.-187C>T | other_variants, linezolid | Rv1644 p.Leu232Pro | other_variants, capreomycin | Rv1694 c.33A>G | other_variants, isoniazid; ethionamide; delamanid | Rv1854c p.Cys273Tyr | other_variants, isoniazid; ethionamide; delamanid | Rv1854c p.Glu194Lys | other_variants, isoniazid | Rv1908c p.Ala290Val | other_variants, bedaquiline; clofazimine | Rv1979c c.-129A>G | other_variants, Rv2754c p.Thr233Ile | other_variants, Rv2764c p.Thr202Ala | other_variants, cycloserine | Rv2780 c.-32T>C | other_variants, pyrazinamide | Rv3236c p.Ala370Thr | other_variants, rifampicin; bedaquiline | Rv3245c p.Met517Leu | other_variants, cycloserine | Rv3423c c.630A>G | other_variants, pyrazinamide | Rv3596c c.2418C>T | other_variants, isoniazid; rifampicin; ethambutol; streptomycin; levofloxacin; moxifloxacin; ofloxacin | Rv3696c c.570_572dupGGG | other_variants, ethambutol | Rv3793 c.2781C>T | other_variants, ethionamide | Rv3854c p.Tyr147Cys | other_variants, ethionamide | Rv3854c c.-772C>T | other_variants, amikacin; kanamycin; capreomycin | Rv3862c c.-75delG | other_variants, amikacin; kanamycin; capreomycin | Rv3862c c.-78A>G | other_variants, amikacin; kanamycin; capreomycin | Rv3862c c.-211C>T | other_variants, streptomycin | Rv3919c p.Leu152Val | other_variants, streptomycin | Rv3919c p.Leu16Arg | other_variants	Rv0667 p.His445Leu, Rv1908c p.Ser315Thr, Rv2043c p.Cys72Tyr, Rv3795 p.Met306Val, Rv0005 p.Val301Leu, Rv0006 p.Glu21Gln, Rv0006 p.Ser95Thr, Rv0006 p.Gly668Asp, Rv0010c c.294G>A, Rv0010c c.-58C>A, Rv0668 c.1626C>G, Rv0676c p.Ile948Val, Rv0682 c.-165T>C, EBG00000313325 n.-187C>T, Rv1644 p.Leu232Pro, Rv1694 c.33A>G, Rv1854c p.Cys273Tyr, Rv1854c p.Glu194Lys, Rv1908c p.Ala290Val, Rv1979c c.-129A>G, Rv2754c p.Thr233Ile, Rv2764c p.Thr202Ala, Rv2780 c.-32T>C, Rv3236c p.Ala370Thr, Rv3245c p.Met517Leu, Rv3423c c.630A>G, Rv3596c c.2418C>T, Rv3696c c.570_572dupGGG, Rv3793 c.2781C>T, Rv3854c p.Tyr147Cys, Rv3854c c.-772C>T, Rv3862c c.-75delG, Rv3862c c.-78A>G, Rv3862c c.-211C>T, Rv3919c p.Leu152Val, Rv3919c p.Leu16Arg	success
0019_ERR16708843	RR-TB	rifampicin	rifampicin | Rv0667 p.Leu430Pro | dr_variants, levofloxacin; moxifloxacin; ofloxacin | Rv0006 p.Glu21Gln | other_variants, levofloxacin; moxifloxacin; ofloxacin | Rv0006 p.Ser95Thr | other_variants, levofloxacin; moxifloxacin; ofloxacin | Rv0006 p.Gly668Asp | other_variants, clofazimine; delamanid; pretomanid | Rv0407 c.960T>C | other_variants, isoniazid; ethionamide | Rv0486 p.Ala187Val | other_variants, amikacin; kanamycin; capreomycin | Rv0529 p.Ile245Met | other_variants, ethionamide | Rv0565c c.390G>A | other_variants, ethionamide | Rv0565c p.Arg110His | other_variants, rifampicin | Rv0667 c.3225T>C | other_variants, bedaquiline; clofazimine | Rv0676c p.Ile948Val | other_variants, bedaquiline; clofazimine | Rv0676c p.Thr794Ile | other_variants, bedaquiline; clofazimine | Rv0676c p.Asp767Asn | other_variants, bedaquiline; clofazimine | Rv0677c c.-710C>G | other_variants, streptomycin | Rv0682 c.-259C>T | other_variants, streptomycin | Rv0682 c.-165T>C | other_variants, isoniazid; rifampicin; levofloxacin; moxifloxacin; ofloxacin | Rv1129c c.-28T>C | other_variants, isoniazid; pyrazinamide; streptomycin | Rv1258c c.580_581insC | other_variants, streptomycin; amikacin; kanamycin; capreomycin | EBG00000313325 n.-187C>T | other_variants, streptomycin; amikacin; kanamycin; capreomycin | EBG00000313325 n.16T>C | other_variants, pyrazinamide | Rv1630 c.636A>C | other_variants, linezolid | Rv1644 p.Leu232Pro | other_variants, capreomycin | Rv1694 c.33A>G | other_variants, isoniazid | Rv1908c p.Arg463Leu | other_variants, pyrazinamide | Rv1918c p.Leu896Ser | other_variants, bedaquiline; clofazimine | Rv1979c p.Tyr51Asn | other_variants, bedaquiline; clofazimine | Rv1979c c.-129A>G | other_variants, amikacin; kanamycin | Rv2416c p.Val163Ile | other_variants, cycloserine | Rv2780 c.-32T>C | other_variants, pyrazinamide | Rv3236c p.Thr102Ala | other_variants, rifampicin; bedaquiline | Rv3245c p.Met517Leu | other_variants, rifampicin; bedaquiline | Rv3245c p.Pro18Ser | other_variants, ethambutol | Rv3793 c.2781C>T | other_variants, ethambutol | Rv3794 c.228C>T | other_variants, ethambutol | Rv3795 c.1602C>T | other_variants, ethambutol | Rv3805c p.Asp397Gly | other_variants, amikacin; kanamycin; capreomycin | Rv3862c c.-75delG | other_variants, amikacin; kanamycin; capreomycin | Rv3862c c.-211C>T | other_variants, streptomycin | Rv3919c c.615A>G | other_variants, streptomycin | Rv3919c p.Glu92Asp | other_variants	Rv0667 p.Leu430Pro, Rv0006 p.Glu21Gln, Rv0006 p.Ser95Thr, Rv0006 p.Gly668Asp, Rv0407 c.960T>C, Rv0486 p.Ala187Val, Rv0529 p.Ile245Met, Rv0565c c.390G>A, Rv0565c p.Arg110His, Rv0667 c.3225T>C, Rv0676c p.Ile948Val, Rv0676c p.Thr794Ile, Rv0676c p.Asp767Asn, Rv0677c c.-710C>G, Rv0682 c.-259C>T, Rv0682 c.-165T>C, Rv1129c c.-28T>C, Rv1258c c.580_581insC, EBG00000313325 n.-187C>T, EBG00000313325 n.16T>C, Rv1630 c.636A>C, Rv1644 p.Leu232Pro, Rv1694 c.33A>G, Rv1908c p.Arg463Leu, Rv1918c p.Leu896Ser, Rv1979c p.Tyr51Asn, Rv1979c c.-129A>G, Rv2416c p.Val163Ile, Rv2780 c.-32T>C, Rv3236c p.Thr102Ala, Rv3245c p.Met517Leu, Rv3245c p.Pro18Ser, Rv3793 c.2781C>T, Rv3794 c.228C>T, Rv3795 c.1602C>T, Rv3805c p.Asp397Gly, Rv3862c c.-75delG, Rv3862c c.-211C>T, Rv3919c c.615A>G, Rv3919c p.Glu92Asp	success
0020_ERR16708861	RR-TB	rifampicin	rifampicin | Rv0667 p.Leu430Pro | dr_variants, levofloxacin; moxifloxacin; ofloxacin | Rv0005 p.Pro94Leu | other_variants, levofloxacin; moxifloxacin; ofloxacin | Rv0005 c.1983C>T | other_variants, levofloxacin; moxifloxacin; ofloxacin | Rv0006 p.Glu21Gln | other_variants, levofloxacin; moxifloxacin; ofloxacin | Rv0006 p.Ser95Thr | other_variants, levofloxacin; moxifloxacin; ofloxacin | Rv0006 p.Gly668Asp | other_variants, rifampicin | Rv0668 c.1626C>G | other_variants, bedaquiline; clofazimine | Rv0676c p.Ile948Val | other_variants, streptomycin | Rv0682 c.-165T>C | other_variants, streptomycin; amikacin; kanamycin; capreomycin | EBG00000313325 n.-187C>T | other_variants, streptomycin; amikacin; kanamycin; capreomycin | EBG00000313325 n.492C>T | other_variants, linezolid | Rv1644 p.Leu232Pro | other_variants, capreomycin | Rv1694 c.33A>G | other_variants, bedaquiline; clofazimine | Rv1979c c.-129A>G | other_variants, amikacin; kanamycin | Rv2416c p.Cys6Tyr | other_variants, Rv2764c p.Thr202Ala | other_variants, cycloserine | Rv2780 c.-32T>C | other_variants, rifampicin; bedaquiline | Rv3245c p.Met517Leu | other_variants, rifampicin | Rv3457c p.Val85Met | other_variants, pyrazinamide | Rv3596c c.2418C>T | other_variants, ethambutol | Rv3793 c.2781C>T | other_variants, amikacin; kanamycin; capreomycin | Rv3862c c.-75delG | other_variants, amikacin; kanamycin; capreomycin | Rv3862c c.-211C>T | other_variants, streptomycin | Rv3919c p.Leu16Arg | other_variants	Rv0667 p.Leu430Pro, Rv0005 p.Pro94Leu, Rv0005 c.1983C>T, Rv0006 p.Glu21Gln, Rv0006 p.Ser95Thr, Rv0006 p.Gly668Asp, Rv0668 c.1626C>G, Rv0676c p.Ile948Val, Rv0682 c.-165T>C, EBG00000313325 n.-187C>T, EBG00000313325 n.492C>T, Rv1644 p.Leu232Pro, Rv1694 c.33A>G, Rv1979c c.-129A>G, Rv2416c p.Cys6Tyr, Rv2764c p.Thr202Ala, Rv2780 c.-32T>C, Rv3245c p.Met517Leu, Rv3457c p.Val85Met, Rv3596c c.2418C>T, Rv3793 c.2781C>T, Rv3862c c.-75delG, Rv3862c c.-211C>T, Rv3919c p.Leu16Arg	success
0021_ERR16708876	MDR-TB	rifampicin, streptomycin, ethionamide, isoniazid, pyrazinamide	rifampicin | Rv0667 p.Ser450Leu | dr_variants, streptomycin | Rv0682 p.Lys43Arg | dr_variants, ethionamide; isoniazid | Rv1484 c.-777C>T | dr_variants, pyrazinamide | Rv2043c p.Tyr103* | dr_variants, ethionamide | Rv3855 p.Ala95Thr | dr_variants, levofloxacin; moxifloxacin; ofloxacin | Rv0006 p.Glu21Gln | other_variants, levofloxacin; moxifloxacin; ofloxacin | Rv0006 p.Ser95Thr | other_variants, levofloxacin; moxifloxacin; ofloxacin | Rv0006 p.Gly668Asp | other_variants, clofazimine; delamanid; pretomanid | Rv0407 c.960T>C | other_variants, isoniazid; ethionamide | Rv0486 p.Ala187Val | other_variants, amikacin; kanamycin; capreomycin | Rv0529 p.Ile245Met | other_variants, ethionamide | Rv0565c c.390G>A | other_variants, ethionamide | Rv0565c p.Arg110His | other_variants, rifampicin | Rv0667 c.3225T>C | other_variants, rifampicin | Rv0668 c.186C>T | other_variants, rifampicin | Rv0668 p.Pro1040Leu | other_variants, bedaquiline; clofazimine | Rv0676c p.Ile948Val | other_variants, bedaquiline; clofazimine | Rv0676c p.Thr794Ile | other_variants, bedaquiline; clofazimine | Rv0676c p.Asp767Asn | other_variants, bedaquiline; clofazimine | Rv0677c c.-74G>T | other_variants, bedaquiline; clofazimine | Rv0677c c.-710C>G | other_variants, streptomycin | Rv0682 c.-165T>C | other_variants, isoniazid; rifampicin; levofloxacin; moxifloxacin; ofloxacin | Rv1129c c.-28T>C | other_variants, isoniazid; pyrazinamide; streptomycin | Rv1258c c.580_581insC | other_variants, streptomycin; amikacin; kanamycin; capreomycin | EBG00000313325 n.-187C>T | other_variants, pyrazinamide | Rv1630 c.636A>C | other_variants, linezolid | Rv1644 p.Leu232Pro | other_variants, capreomycin | Rv1694 c.33A>G | other_variants, isoniazid | Rv1908c p.Arg463Leu | other_variants, pyrazinamide | Rv1918c p.Leu896Ser | other_variants, bedaquiline; clofazimine | Rv1979c c.-129A>G | other_variants, cycloserine | Rv2780 c.-32T>C | other_variants, pyrazinamide | Rv3236c p.Thr102Ala | other_variants, rifampicin; bedaquiline | Rv3245c p.Met517Leu | other_variants, rifampicin; bedaquiline | Rv3245c p.Pro18Ser | other_variants, ethambutol | Rv3793 c.2781C>T | other_variants, ethambutol | Rv3794 c.228C>T | other_variants, ethambutol | Rv3805c p.Asp397Gly | other_variants, amikacin; kanamycin; capreomycin | Rv3862c c.-75delG | other_variants, amikacin; kanamycin; capreomycin | Rv3862c c.-211C>T | other_variants, streptomycin | Rv3919c c.615A>G | other_variants, streptomycin | Rv3919c p.Glu92Asp | other_variants	Rv0667 p.Ser450Leu, Rv0682 p.Lys43Arg, Rv1484 c.-777C>T, Rv2043c p.Tyr103*, Rv3855 p.Ala95Thr, Rv0006 p.Glu21Gln, Rv0006 p.Ser95Thr, Rv0006 p.Gly668Asp, Rv0407 c.960T>C, Rv0486 p.Ala187Val, Rv0529 p.Ile245Met, Rv0565c c.390G>A, Rv0565c p.Arg110His, Rv0667 c.3225T>C, Rv0668 c.186C>T, Rv0668 p.Pro1040Leu, Rv0676c p.Ile948Val, Rv0676c p.Thr794Ile, Rv0676c p.Asp767Asn, Rv0677c c.-74G>T, Rv0677c c.-710C>G, Rv0682 c.-165T>C, Rv1129c c.-28T>C, Rv1258c c.580_581insC, EBG00000313325 n.-187C>T, Rv1630 c.636A>C, Rv1644 p.Leu232Pro, Rv1694 c.33A>G, Rv1908c p.Arg463Leu, Rv1918c p.Leu896Ser, Rv1979c c.-129A>G, Rv2780 c.-32T>C, Rv3236c p.Thr102Ala, Rv3245c p.Met517Leu, Rv3245c p.Pro18Ser, Rv3793 c.2781C>T, Rv3794 c.228C>T, Rv3805c p.Asp397Gly, Rv3862c c.-75delG, Rv3862c c.-211C>T, Rv3919c c.615A>G, Rv3919c p.Glu92Asp	success
0022_ERR16709394	MDR-TB	rifampicin, ethionamide, isoniazid, pyrazinamide, ethambutol	rifampicin | Rv0667 p.Ser450Leu | dr_variants, ethionamide; isoniazid | Rv1484 c.-777C>T | dr_variants, pyrazinamide | Rv2043c c.-11A>G | dr_variants, ethambutol | Rv3795 p.Met306Val | dr_variants, ethionamide | Rv3855 p.Ala95Thr | dr_variants, levofloxacin; moxifloxacin; ofloxacin | Rv0006 p.Glu21Gln | other_variants, levofloxacin; moxifloxacin; ofloxacin | Rv0006 p.Ser95Thr | other_variants, levofloxacin; moxifloxacin; ofloxacin | Rv0006 p.Gly668Asp | other_variants, clofazimine; delamanid; pretomanid | Rv0407 c.960T>C | other_variants, isoniazid; ethionamide | Rv0486 p.Ala187Val | other_variants, amikacin; kanamycin; capreomycin | Rv0529 p.Ile245Met | other_variants, ethionamide | Rv0565c c.390G>A | other_variants, ethionamide | Rv0565c p.Arg110His | other_variants, rifampicin | Rv0667 p.Phe503Ser | other_variants, rifampicin | Rv0667 c.3225T>C | other_variants, rifampicin | Rv0668 c.186C>T | other_variants, bedaquiline; clofazimine | Rv0676c p.Ile948Val | other_variants, bedaquiline; clofazimine | Rv0676c p.Thr794Ile | other_variants, bedaquiline; clofazimine | Rv0676c p.Asp767Asn | other_variants, bedaquiline; clofazimine | Rv0677c c.-74G>T | other_variants, bedaquiline; clofazimine | Rv0677c c.-710C>G | other_variants, streptomycin | Rv0682 c.-165T>C | other_variants, isoniazid; rifampicin; levofloxacin; moxifloxacin; ofloxacin | Rv1129c c.-28T>C | other_variants, isoniazid; pyrazinamide; streptomycin | Rv1258c c.580_581insC | other_variants, streptomycin; amikacin; kanamycin; capreomycin | EBG00000313325 n.-187C>T | other_variants, pyrazinamide | Rv1630 c.636A>C | other_variants, linezolid | Rv1644 p.Leu232Pro | other_variants, capreomycin | Rv1694 c.33A>G | other_variants, isoniazid | Rv1908c p.Thr667Pro | other_variants, isoniazid | Rv1908c p.Arg463Leu | other_variants, pyrazinamide | Rv1918c p.Leu896Ser | other_variants, bedaquiline; clofazimine | Rv1979c c.-129A>G | other_variants, cycloserine | Rv2780 c.-32T>C | other_variants, pyrazinamide | Rv3236c p.Thr102Ala | other_variants, rifampicin; bedaquiline | Rv3245c p.Met517Leu | other_variants, rifampicin; bedaquiline | Rv3245c p.Pro18Ser | other_variants, ethambutol | Rv3793 c.2781C>T | other_variants, ethambutol | Rv3794 c.228C>T | other_variants, ethambutol | Rv3805c p.Asp397Gly | other_variants, amikacin; kanamycin; capreomycin | Rv3862c c.-75delG | other_variants, amikacin; kanamycin; capreomycin | Rv3862c c.-211C>T | other_variants, streptomycin | Rv3919c c.615A>G | other_variants, streptomycin | Rv3919c p.Glu92Asp | other_variants	Rv0667 p.Ser450Leu, Rv1484 c.-777C>T, Rv2043c c.-11A>G, Rv3795 p.Met306Val, Rv3855 p.Ala95Thr, Rv0006 p.Glu21Gln, Rv0006 p.Ser95Thr, Rv0006 p.Gly668Asp, Rv0407 c.960T>C, Rv0486 p.Ala187Val, Rv0529 p.Ile245Met, Rv0565c c.390G>A, Rv0565c p.Arg110His, Rv0667 p.Phe503Ser, Rv0667 c.3225T>C, Rv0668 c.186C>T, Rv0676c p.Ile948Val, Rv0676c p.Thr794Ile, Rv0676c p.Asp767Asn, Rv0677c c.-74G>T, Rv0677c c.-710C>G, Rv0682 c.-165T>C, Rv1129c c.-28T>C, Rv1258c c.580_581insC, EBG00000313325 n.-187C>T, Rv1630 c.636A>C, Rv1644 p.Leu232Pro, Rv1694 c.33A>G, Rv1908c p.Thr667Pro, Rv1908c p.Arg463Leu, Rv1918c p.Leu896Ser, Rv1979c c.-129A>G, Rv2780 c.-32T>C, Rv3236c p.Thr102Ala, Rv3245c p.Met517Leu, Rv3245c p.Pro18Ser, Rv3793 c.2781C>T, Rv3794 c.228C>T, Rv3805c p.Asp397Gly, Rv3862c c.-75delG, Rv3862c c.-211C>T, Rv3919c c.615A>G, Rv3919c p.Glu92Asp	success
0023_ERR16709396	RR-TB	rifampicin	rifampicin | Rv0667 p.His445Tyr | dr_variants, isoniazid | Rv0001 p.Thr388Ile | other_variants, levofloxacin; moxifloxacin; ofloxacin | Rv0006 p.Glu21Gln | other_variants, levofloxacin; moxifloxacin; ofloxacin | Rv0006 p.Ser95Thr | other_variants, levofloxacin; moxifloxacin; ofloxacin | Rv0006 p.Gly668Asp | other_variants, clofazimine; delamanid; pretomanid | Rv0407 c.960T>C | other_variants, isoniazid; ethionamide | Rv0486 p.Ala187Val | other_variants, amikacin; kanamycin; capreomycin | Rv0529 p.Ile245Met | other_variants, ethionamide | Rv0565c c.390G>A | other_variants, ethionamide | Rv0565c p.Arg110His | other_variants, rifampicin | Rv0667 c.3225T>C | other_variants, rifampicin | Rv0668 p.Ala1044Val | other_variants, bedaquiline; clofazimine | Rv0676c p.Ile948Val | other_variants, bedaquiline; clofazimine | Rv0676c p.Thr794Ile | other_variants, bedaquiline; clofazimine | Rv0676c p.Asp767Asn | other_variants, bedaquiline; clofazimine | Rv0677c c.-710C>G | other_variants, streptomycin | Rv0682 c.-165T>C | other_variants, isoniazid; rifampicin; levofloxacin; moxifloxacin; ofloxacin | Rv1129c c.-28T>C | other_variants, isoniazid; pyrazinamide; streptomycin | Rv1258c c.580_581insC | other_variants, streptomycin; amikacin; kanamycin; capreomycin | EBG00000313325 n.-187C>T | other_variants, pyrazinamide | Rv1630 p.Ile70Leu | other_variants, pyrazinamide | Rv1630 c.636A>C | other_variants, linezolid | Rv1644 p.Leu232Pro | other_variants, capreomycin | Rv1694 c.33A>G | other_variants, isoniazid | Rv1908c p.Arg463Leu | other_variants, pyrazinamide | Rv1918c p.Leu896Ser | other_variants, bedaquiline; clofazimine | Rv1979c c.-129A>G | other_variants, amikacin; kanamycin | Rv2416c c.805_806delAC | other_variants, isoniazid; rifampicin; ethambutol; levofloxacin; moxifloxacin; ofloxacin | Rv2752c p.Gly161Ser | other_variants, cycloserine | Rv2780 c.-32T>C | other_variants, clofazimine; delamanid; pretomanid | Rv2983 c.216G>A | other_variants, pyrazinamide | Rv3236c p.Thr102Ala | other_variants, rifampicin; bedaquiline | Rv3245c p.Met517Leu | other_variants, rifampicin; bedaquiline | Rv3245c p.Pro18Ser | other_variants, ethambutol | Rv3793 c.2781C>T | other_variants, ethambutol | Rv3794 c.228C>T | other_variants, ethambutol | Rv3805c p.Asp397Gly | other_variants, amikacin; kanamycin; capreomycin | Rv3862c c.-75delG | other_variants, amikacin; kanamycin; capreomycin | Rv3862c c.-211C>T | other_variants, streptomycin | Rv3919c c.615A>G | other_variants, streptomycin | Rv3919c p.Glu92Asp | other_variants	Rv0667 p.His445Tyr, Rv0001 p.Thr388Ile, Rv0006 p.Glu21Gln, Rv0006 p.Ser95Thr, Rv0006 p.Gly668Asp, Rv0407 c.960T>C, Rv0486 p.Ala187Val, Rv0529 p.Ile245Met, Rv0565c c.390G>A, Rv0565c p.Arg110His, Rv0667 c.3225T>C, Rv0668 p.Ala1044Val, Rv0676c p.Ile948Val, Rv0676c p.Thr794Ile, Rv0676c p.Asp767Asn, Rv0677c c.-710C>G, Rv0682 c.-165T>C, Rv1129c c.-28T>C, Rv1258c c.580_581insC, EBG00000313325 n.-187C>T, Rv1630 p.Ile70Leu, Rv1630 c.636A>C, Rv1644 p.Leu232Pro, Rv1694 c.33A>G, Rv1908c p.Arg463Leu, Rv1918c p.Leu896Ser, Rv1979c c.-129A>G, Rv2416c c.805_806delAC, Rv2752c p.Gly161Ser, Rv2780 c.-32T>C, Rv2983 c.216G>A, Rv3236c p.Thr102Ala, Rv3245c p.Met517Leu, Rv3245c p.Pro18Ser, Rv3793 c.2781C>T, Rv3794 c.228C>T, Rv3805c p.Asp397Gly, Rv3862c c.-75delG, Rv3862c c.-211C>T, Rv3919c c.615A>G, Rv3919c p.Glu92Asp	success
0024_ERR16709409	Pre-XDR-TB	levofloxacin, moxifloxacin, rifampicin, streptomycin, ethionamide, isoniazid, pyrazinamide, ethambutol	levofloxacin; moxifloxacin | Rv0006 p.Asp94His | dr_variants, rifampicin | Rv0667 p.Asp435Val | dr_variants, streptomycin | EBG00000313325 n.514A>C | dr_variants, amikacin; capreomycin; kanamycin | EBG00000313325 n.1401A>G | dr_variants, ethionamide; isoniazid | Rv1484 c.-779G>T | dr_variants, isoniazid | Rv1908c p.Ser315Thr | dr_variants, pyrazinamide | Rv2043c c.517dupG | dr_variants, ethambutol | Rv3795 p.Met306Ile | dr_variants, ethionamide | Rv3854c p.Ala381Pro | dr_variants, streptomycin | Rv3919c p.Leu79Ser | dr_variants, levofloxacin; moxifloxacin; ofloxacin | Rv0006 p.Glu21Gln | other_variants, levofloxacin; moxifloxacin; ofloxacin | Rv0006 p.Ser95Thr | other_variants, levofloxacin; moxifloxacin; ofloxacin | Rv0006 p.Gly668Asp | other_variants, clofazimine; delamanid; pretomanid | Rv0407 c.960T>C | other_variants, ethionamide | Rv0565c c.390G>A | other_variants, ethionamide | Rv0565c p.Arg110His | other_variants, rifampicin | Rv0667 c.3225T>C | other_variants, bedaquiline; clofazimine | Rv0676c p.Ile948Val | other_variants, bedaquiline; clofazimine | Rv0676c p.Thr794Ile | other_variants, bedaquiline; clofazimine | Rv0677c c.-710C>G | other_variants, streptomycin | Rv0682 c.-165T>C | other_variants, isoniazid; rifampicin; levofloxacin; moxifloxacin; ofloxacin | Rv1129c c.-28T>C | other_variants, streptomycin; amikacin; kanamycin; capreomycin | EBG00000313325 n.-187C>T | other_variants, pyrazinamide | Rv1630 c.636A>C | other_variants, linezolid | Rv1644 p.Leu232Pro | other_variants, capreomycin | Rv1694 c.33A>G | other_variants, isoniazid | Rv1908c p.Arg463Leu | other_variants, pyrazinamide | Rv1918c p.Leu896Ser | other_variants, bedaquiline; clofazimine | Rv1979c p.Arg409Gln | other_variants, bedaquiline; clofazimine | Rv1979c c.-129A>G | other_variants, cycloserine | Rv2780 c.-32T>C | other_variants, pyrazinamide | Rv3236c p.Thr102Ala | other_variants, rifampicin; bedaquiline | Rv3245c p.Met517Leu | other_variants, cycloserine | Rv3423c p.Leu89Arg | other_variants, pyrazinamide | Rv3596c c.-272T>G | other_variants, isoniazid; rifampicin; ethambutol; streptomycin; levofloxacin; moxifloxacin; ofloxacin | Rv3696c c.-192C>A | other_variants, ethambutol | Rv3793 c.2781C>T | other_variants, ethambutol | Rv3794 c.228C>T | other_variants, ethambutol | Rv3805c p.Asp397Gly | other_variants, amikacin; kanamycin; capreomycin | Rv3862c c.-75delG | other_variants, amikacin; kanamycin; capreomycin | Rv3862c c.-211C>T | other_variants, amikacin; kanamycin; capreomycin | Rv3862c c.-273A>G | other_variants, streptomycin | Rv3919c c.615A>G | other_variants, streptomycin | Rv3919c p.Glu92Asp | other_variants	Rv0006 p.Asp94His, Rv0667 p.Asp435Val, EBG00000313325 n.514A>C, EBG00000313325 n.1401A>G, Rv1484 c.-779G>T, Rv1908c p.Ser315Thr, Rv2043c c.517dupG, Rv3795 p.Met306Ile, Rv3854c p.Ala381Pro, Rv3919c p.Leu79Ser, Rv0006 p.Glu21Gln, Rv0006 p.Ser95Thr, Rv0006 p.Gly668Asp, Rv0407 c.960T>C, Rv0565c c.390G>A, Rv0565c p.Arg110His, Rv0667 c.3225T>C, Rv0676c p.Ile948Val, Rv0676c p.Thr794Ile, Rv0677c c.-710C>G, Rv0682 c.-165T>C, Rv1129c c.-28T>C, EBG00000313325 n.-187C>T, Rv1630 c.636A>C, Rv1644 p.Leu232Pro, Rv1694 c.33A>G, Rv1908c p.Arg463Leu, Rv1918c p.Leu896Ser, Rv1979c p.Arg409Gln, Rv1979c c.-129A>G, Rv2780 c.-32T>C, Rv3236c p.Thr102Ala, Rv3245c p.Met517Leu, Rv3423c p.Leu89Arg, Rv3596c c.-272T>G, Rv3696c c.-192C>A, Rv3793 c.2781C>T, Rv3794 c.228C>T, Rv3805c p.Asp397Gly, Rv3862c c.-75delG, Rv3862c c.-211C>T, Rv3862c c.-273A>G, Rv3919c c.615A>G, Rv3919c p.Glu92Asp	success
0025_ERR16834572	RR-TB	rifampicin	rifampicin | Rv0667 p.Ser450Leu | dr_variants, levofloxacin; moxifloxacin; ofloxacin | Rv0006 p.Glu21Gln | other_variants, levofloxacin; moxifloxacin; ofloxacin | Rv0006 p.Ser95Thr | other_variants, levofloxacin; moxifloxacin; ofloxacin | Rv0006 p.Gly668Asp | other_variants, clofazimine; delamanid; pretomanid | Rv0407 c.960T>C | other_variants, isoniazid; ethionamide | Rv0486 p.Ala187Val | other_variants, amikacin; kanamycin; capreomycin | Rv0529 p.Ile245Met | other_variants, ethionamide | Rv0565c c.390G>A | other_variants, ethionamide | Rv0565c p.Arg110His | other_variants, rifampicin | Rv0667 c.3225T>C | other_variants, rifampicin | Rv0668 p.Pro1040Ser | other_variants, bedaquiline; clofazimine | Rv0676c p.Ile948Val | other_variants, bedaquiline; clofazimine | Rv0676c p.Thr794Ile | other_variants, bedaquiline; clofazimine | Rv0676c p.Asp767Asn | other_variants, bedaquiline; clofazimine | Rv0677c c.-710C>G | other_variants, streptomycin | Rv0682 c.-259C>T | other_variants, streptomycin | Rv0682 c.-165T>C | other_variants, isoniazid; rifampicin; levofloxacin; moxifloxacin; ofloxacin | Rv1129c c.-28T>C | other_variants, clofazimine; delamanid; pretomanid | Rv1173 c.-113G>C | other_variants, isoniazid; pyrazinamide; streptomycin | Rv1258c c.580_581insC | other_variants, streptomycin; amikacin; kanamycin; capreomycin | EBG00000313325 n.-187C>T | other_variants, pyrazinamide | Rv1630 c.636A>C | other_variants, linezolid | Rv1644 p.Leu232Pro | other_variants, capreomycin | Rv1694 c.33A>G | other_variants, streptomycin; amikacin; kanamycin; capreomycin | Rv1819c p.Trp153Ser | other_variants, isoniazid | Rv1908c p.Arg463Leu | other_variants, pyrazinamide | Rv1918c p.Leu896Ser | other_variants, bedaquiline; clofazimine | Rv1979c p.Tyr51Asn | other_variants, bedaquiline; clofazimine | Rv1979c c.-129A>G | other_variants, amikacin; kanamycin | Rv2416c p.Val163Ile | other_variants, cycloserine | Rv2780 c.-32T>C | other_variants, pyrazinamide | Rv3236c p.Thr102Ala | other_variants, rifampicin; bedaquiline | Rv3245c p.Met517Leu | other_variants, rifampicin; bedaquiline | Rv3245c p.Pro18Ser | other_variants, ethambutol | Rv3793 c.2781C>T | other_variants, ethambutol | Rv3794 c.228C>T | other_variants, ethambutol | Rv3795 c.1602C>T | other_variants, ethambutol | Rv3805c p.Asp397Gly | other_variants, amikacin; kanamycin; capreomycin | Rv3862c c.-75delG | other_variants, amikacin; kanamycin; capreomycin | Rv3862c c.-211C>T | other_variants, streptomycin | Rv3919c c.615A>G | other_variants, streptomycin | Rv3919c p.Glu92Asp | other_variants	Rv0667 p.Ser450Leu, Rv0006 p.Glu21Gln, Rv0006 p.Ser95Thr, Rv0006 p.Gly668Asp, Rv0407 c.960T>C, Rv0486 p.Ala187Val, Rv0529 p.Ile245Met, Rv0565c c.390G>A, Rv0565c p.Arg110His, Rv0667 c.3225T>C, Rv0668 p.Pro1040Ser, Rv0676c p.Ile948Val, Rv0676c p.Thr794Ile, Rv0676c p.Asp767Asn, Rv0677c c.-710C>G, Rv0682 c.-259C>T, Rv0682 c.-165T>C, Rv1129c c.-28T>C, Rv1173 c.-113G>C, Rv1258c c.580_581insC, EBG00000313325 n.-187C>T, Rv1630 c.636A>C, Rv1644 p.Leu232Pro, Rv1694 c.33A>G, Rv1819c p.Trp153Ser, Rv1908c p.Arg463Leu, Rv1918c p.Leu896Ser, Rv1979c p.Tyr51Asn, Rv1979c c.-129A>G, Rv2416c p.Val163Ile, Rv2780 c.-32T>C, Rv3236c p.Thr102Ala, Rv3245c p.Met517Leu, Rv3245c p.Pro18Ser, Rv3793 c.2781C>T, Rv3794 c.228C>T, Rv3795 c.1602C>T, Rv3805c p.Asp397Gly, Rv3862c c.-75delG, Rv3862c c.-211C>T, Rv3919c c.615A>G, Rv3919c p.Glu92Asp	success
0026_ERR16915221	RR-TB	rifampicin	rifampicin | Rv0667 p.Leu430Pro | dr_variants, levofloxacin; moxifloxacin; ofloxacin | Rv0006 p.Glu21Gln | other_variants, levofloxacin; moxifloxacin; ofloxacin | Rv0006 p.Ser95Thr | other_variants, levofloxacin; moxifloxacin; ofloxacin | Rv0006 p.Gly668Asp | other_variants, clofazimine; delamanid; pretomanid | Rv0407 c.960T>C | other_variants, isoniazid; ethionamide | Rv0486 p.Ala187Val | other_variants, amikacin; kanamycin; capreomycin | Rv0529 p.Ile245Met | other_variants, ethionamide | Rv0565c c.390G>A | other_variants, ethionamide | Rv0565c p.Arg110His | other_variants, rifampicin | Rv0667 c.3225T>C | other_variants, bedaquiline; clofazimine | Rv0676c p.Ile948Val | other_variants, bedaquiline; clofazimine | Rv0676c p.Thr794Ile | other_variants, bedaquiline; clofazimine | Rv0676c p.Asp767Asn | other_variants, bedaquiline; clofazimine | Rv0677c c.-710C>G | other_variants, streptomycin | Rv0682 c.-259C>T | other_variants, streptomycin | Rv0682 c.-165T>C | other_variants, isoniazid; rifampicin; levofloxacin; moxifloxacin; ofloxacin | Rv1129c c.-28T>C | other_variants, isoniazid; pyrazinamide; streptomycin | Rv1258c c.580_581insC | other_variants, streptomycin; amikacin; kanamycin; capreomycin | EBG00000313325 n.-187C>T | other_variants, pyrazinamide | Rv1630 c.636A>C | other_variants, linezolid | Rv1644 p.Leu232Pro | other_variants, capreomycin | Rv1694 c.33A>G | other_variants, isoniazid | Rv1908c p.Arg463Leu | other_variants, pyrazinamide | Rv1918c p.Leu896Ser | other_variants, bedaquiline; clofazimine | Rv1979c p.Tyr51Asn | other_variants, bedaquiline; clofazimine | Rv1979c c.-129A>G | other_variants, amikacin; kanamycin | Rv2416c p.Val163Ile | other_variants, cycloserine | Rv2780 c.-32T>C | other_variants, pyrazinamide | Rv3236c p.Thr102Ala | other_variants, rifampicin; bedaquiline | Rv3245c p.Met517Leu | other_variants, rifampicin; bedaquiline | Rv3245c p.Pro18Ser | other_variants, ethambutol | Rv3793 c.2781C>T | other_variants, ethambutol | Rv3794 c.228C>T | other_variants, ethambutol | Rv3795 c.1602C>T | other_variants, ethambutol | Rv3805c p.Asp397Gly | other_variants, amikacin; kanamycin; capreomycin | Rv3862c c.-75delG | other_variants, amikacin; kanamycin; capreomycin | Rv3862c c.-211C>T | other_variants, streptomycin | Rv3919c c.615A>G | other_variants, streptomycin | Rv3919c c.549G>T | other_variants, streptomycin | Rv3919c p.Glu92Asp | other_variants	Rv0667 p.Leu430Pro, Rv0006 p.Glu21Gln, Rv0006 p.Ser95Thr, Rv0006 p.Gly668Asp, Rv0407 c.960T>C, Rv0486 p.Ala187Val, Rv0529 p.Ile245Met, Rv0565c c.390G>A, Rv0565c p.Arg110His, Rv0667 c.3225T>C, Rv0676c p.Ile948Val, Rv0676c p.Thr794Ile, Rv0676c p.Asp767Asn, Rv0677c c.-710C>G, Rv0682 c.-259C>T, Rv0682 c.-165T>C, Rv1129c c.-28T>C, Rv1258c c.580_581insC, EBG00000313325 n.-187C>T, Rv1630 c.636A>C, Rv1644 p.Leu232Pro, Rv1694 c.33A>G, Rv1908c p.Arg463Leu, Rv1918c p.Leu896Ser, Rv1979c p.Tyr51Asn, Rv1979c c.-129A>G, Rv2416c p.Val163Ile, Rv2780 c.-32T>C, Rv3236c p.Thr102Ala, Rv3245c p.Met517Leu, Rv3245c p.Pro18Ser, Rv3793 c.2781C>T, Rv3794 c.228C>T, Rv3795 c.1602C>T, Rv3805c p.Asp397Gly, Rv3862c c.-75delG, Rv3862c c.-211C>T, Rv3919c c.615A>G, Rv3919c c.549G>T, Rv3919c p.Glu92Asp	success
0027_ERR16950335	MDR-TB	rifampicin, ethionamide, isoniazid	rifampicin | Rv0667 p.Leu452Pro | dr_variants, ethionamide; isoniazid | Rv1484 c.-777C>T | dr_variants, ethionamide | Rv3855 p.Ala95Thr | dr_variants, levofloxacin; moxifloxacin; ofloxacin | Rv0006 p.Glu21Gln | other_variants, levofloxacin; moxifloxacin; ofloxacin | Rv0006 p.Ser95Thr | other_variants, levofloxacin; moxifloxacin; ofloxacin | Rv0006 p.Gly668Asp | other_variants, clofazimine; delamanid; pretomanid | Rv0407 c.960T>C | other_variants, isoniazid; ethionamide | Rv0486 p.Ala187Val | other_variants, amikacin; kanamycin; capreomycin | Rv0529 p.Ile245Met | other_variants, ethionamide | Rv0565c c.390G>A | other_variants, ethionamide | Rv0565c p.Arg110His | other_variants, rifampicin | Rv0667 c.3225T>C | other_variants, rifampicin | Rv0668 c.186C>T | other_variants, bedaquiline; clofazimine | Rv0676c p.Ile948Val | other_variants, bedaquiline; clofazimine | Rv0676c p.Thr794Ile | other_variants, bedaquiline; clofazimine | Rv0676c p.Asp767Asn | other_variants, bedaquiline; clofazimine | Rv0677c c.-74G>T | other_variants, bedaquiline; clofazimine | Rv0677c c.-710C>G | other_variants, streptomycin | Rv0682 c.-165T>C | other_variants, isoniazid; rifampicin; levofloxacin; moxifloxacin; ofloxacin | Rv1129c c.-28T>C | other_variants, isoniazid; pyrazinamide; streptomycin | Rv1258c c.580_581insC | other_variants, streptomycin; amikacin; kanamycin; capreomycin | EBG00000313325 n.-187C>T | other_variants, pyrazinamide | Rv1630 c.636A>C | other_variants, linezolid | Rv1644 p.Leu232Pro | other_variants, capreomycin | Rv1694 c.33A>G | other_variants, isoniazid | Rv1908c p.Asp612Gly | other_variants, isoniazid | Rv1908c p.Arg463Leu | other_variants, pyrazinamide | Rv1918c p.Leu896Ser | other_variants, bedaquiline; clofazimine | Rv1979c c.-129A>G | other_variants, cycloserine | Rv2780 c.-32T>C | other_variants, pyrazinamide | Rv3236c p.Thr102Ala | other_variants, rifampicin; bedaquiline | Rv3245c p.Met517Leu | other_variants, rifampicin; bedaquiline | Rv3245c p.Pro18Ser | other_variants, ethambutol | Rv3793 c.2781C>T | other_variants, ethambutol | Rv3794 c.228C>T | other_variants, ethambutol | Rv3805c p.Asp397Gly | other_variants, amikacin; kanamycin; capreomycin | Rv3862c c.-75delG | other_variants, amikacin; kanamycin; capreomycin | Rv3862c c.-211C>T | other_variants, streptomycin | Rv3919c c.615A>G | other_variants, streptomycin | Rv3919c p.Glu92Asp | other_variants	Rv0667 p.Leu452Pro, Rv1484 c.-777C>T, Rv3855 p.Ala95Thr, Rv0006 p.Glu21Gln, Rv0006 p.Ser95Thr, Rv0006 p.Gly668Asp, Rv0407 c.960T>C, Rv0486 p.Ala187Val, Rv0529 p.Ile245Met, Rv0565c c.390G>A, Rv0565c p.Arg110His, Rv0667 c.3225T>C, Rv0668 c.186C>T, Rv0676c p.Ile948Val, Rv0676c p.Thr794Ile, Rv0676c p.Asp767Asn, Rv0677c c.-74G>T, Rv0677c c.-710C>G, Rv0682 c.-165T>C, Rv1129c c.-28T>C, Rv1258c c.580_581insC, EBG00000313325 n.-187C>T, Rv1630 c.636A>C, Rv1644 p.Leu232Pro, Rv1694 c.33A>G, Rv1908c p.Asp612Gly, Rv1908c p.Arg463Leu, Rv1918c p.Leu896Ser, Rv1979c c.-129A>G, Rv2780 c.-32T>C, Rv3236c p.Thr102Ala, Rv3245c p.Met517Leu, Rv3245c p.Pro18Ser, Rv3793 c.2781C>T, Rv3794 c.228C>T, Rv3805c p.Asp397Gly, Rv3862c c.-75delG, Rv3862c c.-211C>T, Rv3919c c.615A>G, Rv3919c p.Glu92Asp	success
0028_ERR16950355	Pre-XDR-TB	levofloxacin, moxifloxacin, rifampicin, ethionamide, isoniazid, pyrazinamide, ethambutol	levofloxacin; moxifloxacin | Rv0006 p.Asp94Gly | dr_variants, rifampicin | Rv0667 p.Ser450Leu | dr_variants, ethionamide; isoniazid | Rv1484 c.-777C>T | dr_variants, ethionamide; isoniazid | Rv1484 p.Ile194Thr | dr_variants, pyrazinamide | Rv2043c p.Ser164Pro | dr_variants, ethambutol | Rv3795 p.Met306Val | dr_variants, ethionamide | Rv3855 p.Ala95Thr | dr_variants, levofloxacin; moxifloxacin; ofloxacin | Rv0006 p.Glu21Gln | other_variants, levofloxacin; moxifloxacin; ofloxacin | Rv0006 p.Ser95Thr | other_variants, levofloxacin; moxifloxacin; ofloxacin | Rv0006 p.Gly668Asp | other_variants, clofazimine; delamanid; pretomanid | Rv0407 c.960T>C | other_variants, isoniazid; ethionamide | Rv0486 p.Ala187Val | other_variants, amikacin; kanamycin; capreomycin | Rv0529 p.Ile245Met | other_variants, ethionamide | Rv0565c c.390G>A | other_variants, ethionamide | Rv0565c p.Arg110His | other_variants, rifampicin | Rv0667 c.3225T>C | other_variants, rifampicin | Rv0668 c.186C>T | other_variants, rifampicin | Rv0668 p.Glu1113Gly | other_variants, bedaquiline; clofazimine | Rv0676c p.Ile948Val | other_variants, bedaquiline; clofazimine | Rv0676c p.Thr794Ile | other_variants, bedaquiline; clofazimine | Rv0676c p.Asp767Asn | other_variants, bedaquiline; clofazimine | Rv0677c c.-74G>T | other_variants, bedaquiline; clofazimine | Rv0678 p.Ala99Val | other_variants, bedaquiline; clofazimine | Rv0677c c.-710C>G | other_variants, streptomycin | Rv0682 c.-165T>C | other_variants, isoniazid; rifampicin; levofloxacin; moxifloxacin; ofloxacin | Rv1129c c.-28T>C | other_variants, isoniazid; pyrazinamide; streptomycin | Rv1258c c.580_581insC | other_variants, streptomycin; amikacin; kanamycin; capreomycin | EBG00000313325 n.-187C>T | other_variants, pyrazinamide | Rv1630 c.636A>C | other_variants, linezolid | Rv1644 p.Leu232Pro | other_variants, capreomycin | Rv1694 c.33A>G | other_variants, isoniazid | Rv1908c p.Arg463Leu | other_variants, pyrazinamide | Rv1918c p.Leu896Ser | other_variants, bedaquiline; clofazimine | Rv1979c c.-129A>G | other_variants, cycloserine | Rv2780 c.-32T>C | other_variants, pyrazinamide | Rv3236c p.Thr102Ala | other_variants, rifampicin; bedaquiline | Rv3245c p.Met517Leu | other_variants, rifampicin; bedaquiline | Rv3245c p.Pro18Ser | other_variants, ethambutol | Rv3793 c.2781C>T | other_variants, ethambutol | Rv3794 c.228C>T | other_variants, ethambutol | Rv3805c p.Asp397Gly | other_variants, amikacin; kanamycin; capreomycin | Rv3862c c.-75delG | other_variants, amikacin; kanamycin; capreomycin | Rv3862c c.-211C>T | other_variants, streptomycin | Rv3919c c.615A>G | other_variants, streptomycin | Rv3919c p.Glu92Asp | other_variants	Rv0006 p.Asp94Gly, Rv0667 p.Ser450Leu, Rv1484 c.-777C>T, Rv1484 p.Ile194Thr, Rv2043c p.Ser164Pro, Rv3795 p.Met306Val, Rv3855 p.Ala95Thr, Rv0006 p.Glu21Gln, Rv0006 p.Ser95Thr, Rv0006 p.Gly668Asp, Rv0407 c.960T>C, Rv0486 p.Ala187Val, Rv0529 p.Ile245Met, Rv0565c c.390G>A, Rv0565c p.Arg110His, Rv0667 c.3225T>C, Rv0668 c.186C>T, Rv0668 p.Glu1113Gly, Rv0676c p.Ile948Val, Rv0676c p.Thr794Ile, Rv0676c p.Asp767Asn, Rv0677c c.-74G>T, Rv0678 p.Ala99Val, Rv0677c c.-710C>G, Rv0682 c.-165T>C, Rv1129c c.-28T>C, Rv1258c c.580_581insC, EBG00000313325 n.-187C>T, Rv1630 c.636A>C, Rv1644 p.Leu232Pro, Rv1694 c.33A>G, Rv1908c p.Arg463Leu, Rv1918c p.Leu896Ser, Rv1979c c.-129A>G, Rv2780 c.-32T>C, Rv3236c p.Thr102Ala, Rv3245c p.Met517Leu, Rv3245c p.Pro18Ser, Rv3793 c.2781C>T, Rv3794 c.228C>T, Rv3805c p.Asp397Gly, Rv3862c c.-75delG, Rv3862c c.-211C>T, Rv3919c c.615A>G, Rv3919c p.Glu92Asp	success
0029_ERR17036257	No resistance detected by TB-Profiler	None reported	levofloxacin; moxifloxacin; ofloxacin | Rv0006 p.Glu21Gln | other_variants, levofloxacin; moxifloxacin; ofloxacin | Rv0006 p.Ser95Thr | other_variants, levofloxacin; moxifloxacin; ofloxacin | Rv0006 p.Gly668Asp | other_variants, clofazimine; delamanid; pretomanid | Rv0407 c.960T>C | other_variants, isoniazid; ethionamide | Rv0486 p.Ala187Val | other_variants, amikacin; kanamycin; capreomycin | Rv0529 p.Ile245Met | other_variants, ethionamide | Rv0565c c.390G>A | other_variants, ethionamide | Rv0565c p.Arg110His | other_variants, rifampicin | Rv0667 c.3225T>C | other_variants, bedaquiline; clofazimine | Rv0676c p.Ile948Val | other_variants, bedaquiline; clofazimine | Rv0676c p.Thr794Ile | other_variants, bedaquiline; clofazimine | Rv0676c p.Asp767Asn | other_variants, bedaquiline; clofazimine | Rv0676c p.Val247Ala | other_variants, bedaquiline; clofazimine | Rv0677c c.-710C>G | other_variants, streptomycin | Rv0682 c.-259C>T | other_variants, streptomycin | Rv0682 c.-165T>C | other_variants, isoniazid; rifampicin; levofloxacin; moxifloxacin; ofloxacin | Rv1129c c.-28T>C | other_variants, isoniazid; pyrazinamide; streptomycin | Rv1258c c.580_581insC | other_variants, streptomycin; amikacin; kanamycin; capreomycin | EBG00000313325 n.-187C>T | other_variants, pyrazinamide | Rv1630 c.636A>C | other_variants, linezolid | Rv1644 p.Leu232Pro | other_variants, capreomycin | Rv1694 c.33A>G | other_variants, isoniazid | Rv1908c p.Arg463Leu | other_variants, pyrazinamide | Rv1918c p.Leu896Ser | other_variants, bedaquiline; clofazimine | Rv1979c p.Tyr51Asn | other_variants, bedaquiline; clofazimine | Rv1979c c.-129A>G | other_variants, amikacin; kanamycin | Rv2416c p.Val163Ile | other_variants, cycloserine | Rv2780 c.-32T>C | other_variants, pyrazinamide | Rv3236c p.Thr102Ala | other_variants, rifampicin; bedaquiline | Rv3245c p.Met517Leu | other_variants, rifampicin; bedaquiline | Rv3245c p.Pro18Ser | other_variants, ethambutol | Rv3793 c.2781C>T | other_variants, ethambutol | Rv3794 c.228C>T | other_variants, ethambutol | Rv3795 c.1602C>T | other_variants, ethambutol | Rv3805c p.Asp397Gly | other_variants, amikacin; kanamycin; capreomycin | Rv3862c c.-75delG | other_variants, amikacin; kanamycin; capreomycin | Rv3862c c.-211C>T | other_variants, streptomycin | Rv3919c c.615A>G | other_variants, streptomycin | Rv3919c p.Glu92Asp | other_variants	Rv0006 p.Glu21Gln, Rv0006 p.Ser95Thr, Rv0006 p.Gly668Asp, Rv0407 c.960T>C, Rv0486 p.Ala187Val, Rv0529 p.Ile245Met, Rv0565c c.390G>A, Rv0565c p.Arg110His, Rv0667 c.3225T>C, Rv0676c p.Ile948Val, Rv0676c p.Thr794Ile, Rv0676c p.Asp767Asn, Rv0676c p.Val247Ala, Rv0677c c.-710C>G, Rv0682 c.-259C>T, Rv0682 c.-165T>C, Rv1129c c.-28T>C, Rv1258c c.580_581insC, EBG00000313325 n.-187C>T, Rv1630 c.636A>C, Rv1644 p.Leu232Pro, Rv1694 c.33A>G, Rv1908c p.Arg463Leu, Rv1918c p.Leu896Ser, Rv1979c p.Tyr51Asn, Rv1979c c.-129A>G, Rv2416c p.Val163Ile, Rv2780 c.-32T>C, Rv3236c p.Thr102Ala, Rv3245c p.Met517Leu, Rv3245c p.Pro18Ser, Rv3793 c.2781C>T, Rv3794 c.228C>T, Rv3795 c.1602C>T, Rv3805c p.Asp397Gly, Rv3862c c.-75delG, Rv3862c c.-211C>T, Rv3919c c.615A>G, Rv3919c p.Glu92Asp	success
0030_ERR17036273	RR-TB	rifampicin	rifampicin | Rv0667 p.His445Asp | dr_variants, levofloxacin; moxifloxacin; ofloxacin | Rv0006 p.Glu21Gln | other_variants, levofloxacin; moxifloxacin; ofloxacin | Rv0006 p.Ser95Thr | other_variants, levofloxacin; moxifloxacin; ofloxacin | Rv0006 p.Gly668Asp | other_variants, clofazimine; delamanid; pretomanid | Rv0407 c.960T>C | other_variants, isoniazid; ethionamide | Rv0486 p.Ala187Val | other_variants, amikacin; kanamycin; capreomycin | Rv0529 p.Ile245Met | other_variants, ethionamide | Rv0565c c.390G>A | other_variants, ethionamide | Rv0565c p.Arg110His | other_variants, rifampicin | Rv0667 c.3225T>C | other_variants, bedaquiline; clofazimine | Rv0676c p.Ile948Val | other_variants, bedaquiline; clofazimine | Rv0676c p.Thr794Ile | other_variants, bedaquiline; clofazimine | Rv0676c p.Asp767Asn | other_variants, bedaquiline; clofazimine | Rv0677c c.-710C>G | other_variants, streptomycin | Rv0682 c.-165T>C | other_variants, isoniazid; rifampicin; levofloxacin; moxifloxacin; ofloxacin | Rv1129c c.-28T>C | other_variants, isoniazid; pyrazinamide; streptomycin | Rv1258c c.580_581insC | other_variants, streptomycin; amikacin; kanamycin; capreomycin | EBG00000313325 n.-187C>T | other_variants, pyrazinamide | Rv1630 c.636A>C | other_variants, linezolid | Rv1644 p.Leu232Pro | other_variants, capreomycin | Rv1694 c.33A>G | other_variants, isoniazid | Rv1908c p.Arg463Leu | other_variants, isoniazid | Rv1908c p.Glu261Gly | other_variants, isoniazid | Rv1908c p.Ala256Gly | other_variants, pyrazinamide | Rv1918c p.Leu896Ser | other_variants, bedaquiline; clofazimine | Rv1979c c.-129A>G | other_variants, cycloserine | Rv2780 c.-32T>C | other_variants, pyrazinamide | Rv3236c p.Thr102Ala | other_variants, rifampicin; bedaquiline | Rv3245c p.Met517Leu | other_variants, rifampicin; bedaquiline | Rv3245c p.Pro18Ser | other_variants, ethambutol | Rv3793 c.2781C>T | other_variants, ethambutol | Rv3794 c.228C>T | other_variants, ethambutol | Rv3805c p.Asp397Gly | other_variants, amikacin; kanamycin; capreomycin | Rv3862c c.-75delG | other_variants, amikacin; kanamycin; capreomycin | Rv3862c c.-211C>T | other_variants, streptomycin | Rv3919c c.615A>G | other_variants, streptomycin | Rv3919c p.Glu92Asp | other_variants	Rv0667 p.His445Asp, Rv0006 p.Glu21Gln, Rv0006 p.Ser95Thr, Rv0006 p.Gly668Asp, Rv0407 c.960T>C, Rv0486 p.Ala187Val, Rv0529 p.Ile245Met, Rv0565c c.390G>A, Rv0565c p.Arg110His, Rv0667 c.3225T>C, Rv0676c p.Ile948Val, Rv0676c p.Thr794Ile, Rv0676c p.Asp767Asn, Rv0677c c.-710C>G, Rv0682 c.-165T>C, Rv1129c c.-28T>C, Rv1258c c.580_581insC, EBG00000313325 n.-187C>T, Rv1630 c.636A>C, Rv1644 p.Leu232Pro, Rv1694 c.33A>G, Rv1908c p.Arg463Leu, Rv1908c p.Glu261Gly, Rv1908c p.Ala256Gly, Rv1918c p.Leu896Ser, Rv1979c c.-129A>G, Rv2780 c.-32T>C, Rv3236c p.Thr102Ala, Rv3245c p.Met517Leu, Rv3245c p.Pro18Ser, Rv3793 c.2781C>T, Rv3794 c.228C>T, Rv3805c p.Asp397Gly, Rv3862c c.-75delG, Rv3862c c.-211C>T, Rv3919c c.615A>G, Rv3919c p.Glu92Asp	success
0031_ERR17036280	No resistance detected by TB-Profiler	None reported	levofloxacin; moxifloxacin; ofloxacin | Rv0005 p.Pro94Leu | other_variants, levofloxacin; moxifloxacin; ofloxacin | Rv0005 c.1983C>T | other_variants, levofloxacin; moxifloxacin; ofloxacin | Rv0006 p.Glu21Gln | other_variants, levofloxacin; moxifloxacin; ofloxacin | Rv0006 p.Ser95Thr | other_variants, levofloxacin; moxifloxacin; ofloxacin | Rv0006 p.Gly668Asp | other_variants, isoniazid; ethionamide | Rv0486 c.-690C>T | other_variants, rifampicin | Rv0668 c.1626C>G | other_variants, bedaquiline; clofazimine | Rv0676c p.Ile948Val | other_variants, bedaquiline; clofazimine | Rv0676c c.-962G>A | other_variants, streptomycin | Rv0682 c.-165T>C | other_variants, streptomycin; amikacin; kanamycin; capreomycin | EBG00000313325 n.-187C>T | other_variants, streptomycin; amikacin; kanamycin; capreomycin | EBG00000313325 n.492C>T | other_variants, linezolid | Rv1644 p.Leu232Pro | other_variants, capreomycin | Rv1694 c.33A>G | other_variants, bedaquiline; clofazimine | Rv1979c c.-129A>G | other_variants, Rv2764c p.Thr202Ala | other_variants, Rv2764c c.-89G>A | other_variants, cycloserine | Rv2780 c.-32T>C | other_variants, rifampicin; bedaquiline | Rv3245c p.Met517Leu | other_variants, pyrazinamide | Rv3596c c.2418C>T | other_variants, ethambutol | Rv3793 c.2781C>T | other_variants, amikacin; kanamycin; capreomycin | Rv3862c c.-75delG | other_variants, amikacin; kanamycin; capreomycin | Rv3862c c.-211C>T | other_variants, streptomycin | Rv3919c p.Leu16Arg | other_variants	Rv0005 p.Pro94Leu, Rv0005 c.1983C>T, Rv0006 p.Glu21Gln, Rv0006 p.Ser95Thr, Rv0006 p.Gly668Asp, Rv0486 c.-690C>T, Rv0668 c.1626C>G, Rv0676c p.Ile948Val, Rv0676c c.-962G>A, Rv0682 c.-165T>C, EBG00000313325 n.-187C>T, EBG00000313325 n.492C>T, Rv1644 p.Leu232Pro, Rv1694 c.33A>G, Rv1979c c.-129A>G, Rv2764c p.Thr202Ala, Rv2764c c.-89G>A, Rv2780 c.-32T>C, Rv3245c p.Met517Leu, Rv3596c c.2418C>T, Rv3793 c.2781C>T, Rv3862c c.-75delG, Rv3862c c.-211C>T, Rv3919c p.Leu16Arg	success
0032_ERR17050895	MDR-TB	rifampicin, isoniazid, pyrazinamide, ethambutol	rifampicin | Rv0667 p.Ser450Leu | dr_variants, streptomycin | Rv0682 p.Lys88Thr | dr_variants, isoniazid | Rv1908c p.Ser315Thr | dr_variants, pyrazinamide | Rv2043c c.-11A>G | dr_variants, ethambutol | Rv3795 p.Met306Ile | dr_variants, levofloxacin; moxifloxacin; ofloxacin | Rv0006 p.Glu21Gln | other_variants, levofloxacin; moxifloxacin; ofloxacin | Rv0006 p.Ser95Thr | other_variants, levofloxacin; moxifloxacin; ofloxacin | Rv0006 p.Gly668Asp | other_variants, isoniazid; ethionamide | Rv0486 c.1214delT | other_variants, ethionamide | Rv0565c p.Ser68Pro | other_variants, rifampicin | Rv0668 p.Gly594Glu | other_variants, rifampicin | Rv0668 p.Asp714Glu | other_variants, bedaquiline; clofazimine | Rv0676c p.Ile948Val | other_variants, bedaquiline; clofazimine | Rv0676c c.-530G>A | other_variants, streptomycin | Rv0682 c.-165T>C | other_variants, linezolid | Rv0701 c.-590T>C | other_variants, streptomycin; amikacin; kanamycin; capreomycin | EBG00000313325 n.-187C>T | other_variants, capreomycin; linezolid | EBG00000313339 n.3138A>G | other_variants, linezolid | Rv1644 p.Leu232Pro | other_variants, capreomycin | Rv1694 c.33A>G | other_variants, bedaquiline; clofazimine | Rv1979c c.-129A>G | other_variants, isoniazid | Rv2428 c.18T>C | other_variants, cycloserine | Rv2780 c.-32T>C | other_variants, rifampicin; bedaquiline | Rv3245c p.Met517Leu | other_variants, clofazimine; delamanid; pretomanid | Rv3261 p.Thr302Met | other_variants, rifampicin | Rv3457c p.Glu319Lys | other_variants, rifampicin | Rv3457c c.-95delG | other_variants, rifampicin | Rv3457c c.-113_-107delCAACCCA | other_variants, ethambutol | Rv3793 c.1035C>G | other_variants, ethambutol | Rv3793 c.2781C>T | other_variants, ethambutol | Rv3793 p.Val981Leu | other_variants, ethambutol | Rv3795 c.2895G>A | other_variants, ethionamide | Rv3854c p.Ala352Glu | other_variants, amikacin; kanamycin; capreomycin | Rv3862c c.-75delG | other_variants, amikacin; kanamycin; capreomycin | Rv3862c c.-211C>T | other_variants, streptomycin | Rv3919c p.Glu92Lys | other_variants	Rv0667 p.Ser450Leu, Rv0682 p.Lys88Thr, Rv1908c p.Ser315Thr, Rv2043c c.-11A>G, Rv3795 p.Met306Ile, Rv0006 p.Glu21Gln, Rv0006 p.Ser95Thr, Rv0006 p.Gly668Asp, Rv0486 c.1214delT, Rv0565c p.Ser68Pro, Rv0668 p.Gly594Glu, Rv0668 p.Asp714Glu, Rv0676c p.Ile948Val, Rv0676c c.-530G>A, Rv0682 c.-165T>C, Rv0701 c.-590T>C, EBG00000313325 n.-187C>T, EBG00000313339 n.3138A>G, Rv1644 p.Leu232Pro, Rv1694 c.33A>G, Rv1979c c.-129A>G, Rv2428 c.18T>C, Rv2780 c.-32T>C, Rv3245c p.Met517Leu, Rv3261 p.Thr302Met, Rv3457c p.Glu319Lys, Rv3457c c.-95delG, Rv3457c c.-113_-107delCAACCCA, Rv3793 c.1035C>G, Rv3793 c.2781C>T, Rv3793 p.Val981Leu, Rv3795 c.2895G>A, Rv3854c p.Ala352Glu, Rv3862c c.-75delG, Rv3862c c.-211C>T, Rv3919c p.Glu92Lys	success
0033_ERR17050897	MDR-TB	rifampicin, streptomycin, ethionamide, isoniazid, pyrazinamide, ethambutol	rifampicin | Rv0667 p.Ser450Leu | dr_variants, streptomycin | Rv0682 p.Lys43Arg | dr_variants, ethionamide; isoniazid | Rv1484 c.-777C>T | dr_variants, ethionamide; isoniazid | Rv1484 p.Ile194Thr | dr_variants, pyrazinamide | Rv2043c p.Ser164Pro | dr_variants, ethambutol | Rv3795 p.Met306Val | dr_variants, ethionamide | Rv3855 p.Ala95Thr | dr_variants, levofloxacin; moxifloxacin; ofloxacin | Rv0006 p.Glu21Gln | other_variants, levofloxacin; moxifloxacin; ofloxacin | Rv0006 p.Ser95Thr | other_variants, levofloxacin; moxifloxacin; ofloxacin | Rv0006 p.Gly668Asp | other_variants, clofazimine; delamanid; pretomanid | Rv0407 c.960T>C | other_variants, isoniazid; ethionamide | Rv0486 p.Ala187Val | other_variants, amikacin; kanamycin; capreomycin | Rv0529 p.Ile245Met | other_variants, ethionamide | Rv0565c c.390G>A | other_variants, ethionamide | Rv0565c p.Arg110His | other_variants, rifampicin | Rv0667 c.3225T>C | other_variants, rifampicin | Rv0668 c.186C>T | other_variants, rifampicin | Rv0668 p.Glu1113Gly | other_variants, bedaquiline; clofazimine | Rv0676c p.Ile948Val | other_variants, bedaquiline; clofazimine | Rv0676c p.Thr794Ile | other_variants, bedaquiline; clofazimine | Rv0676c p.Asp767Asn | other_variants, bedaquiline; clofazimine | Rv0677c c.-74G>T | other_variants, bedaquiline; clofazimine | Rv0677c c.-710C>G | other_variants, streptomycin | Rv0682 c.-165T>C | other_variants, isoniazid; rifampicin; levofloxacin; moxifloxacin; ofloxacin | Rv1129c c.-28T>C | other_variants, isoniazid; pyrazinamide; streptomycin | Rv1258c c.580_581insC | other_variants, streptomycin; amikacin; kanamycin; capreomycin | EBG00000313325 n.-187C>T | other_variants, pyrazinamide | Rv1630 c.636A>C | other_variants, linezolid | Rv1644 p.Leu232Pro | other_variants, capreomycin | Rv1694 c.33A>G | other_variants, isoniazid | Rv1908c p.Arg463Leu | other_variants, pyrazinamide | Rv1918c p.Leu896Ser | other_variants, bedaquiline; clofazimine | Rv1979c c.-129A>G | other_variants, cycloserine | Rv2780 c.-32T>C | other_variants, pyrazinamide | Rv3236c p.Thr102Ala | other_variants, rifampicin; bedaquiline | Rv3245c p.Met517Leu | other_variants, rifampicin; bedaquiline | Rv3245c p.Pro18Ser | other_variants, ethambutol | Rv3793 c.2781C>T | other_variants, ethambutol | Rv3794 c.228C>T | other_variants, ethambutol | Rv3805c p.Asp397Gly | other_variants, amikacin; kanamycin; capreomycin | Rv3862c c.-75delG | other_variants, amikacin; kanamycin; capreomycin | Rv3862c c.-211C>T | other_variants, streptomycin | Rv3919c c.615A>G | other_variants, streptomycin | Rv3919c p.Glu92Asp | other_variants	Rv0667 p.Ser450Leu, Rv0682 p.Lys43Arg, Rv1484 c.-777C>T, Rv1484 p.Ile194Thr, Rv2043c p.Ser164Pro, Rv3795 p.Met306Val, Rv3855 p.Ala95Thr, Rv0006 p.Glu21Gln, Rv0006 p.Ser95Thr, Rv0006 p.Gly668Asp, Rv0407 c.960T>C, Rv0486 p.Ala187Val, Rv0529 p.Ile245Met, Rv0565c c.390G>A, Rv0565c p.Arg110His, Rv0667 c.3225T>C, Rv0668 c.186C>T, Rv0668 p.Glu1113Gly, Rv0676c p.Ile948Val, Rv0676c p.Thr794Ile, Rv0676c p.Asp767Asn, Rv0677c c.-74G>T, Rv0677c c.-710C>G, Rv0682 c.-165T>C, Rv1129c c.-28T>C, Rv1258c c.580_581insC, EBG00000313325 n.-187C>T, Rv1630 c.636A>C, Rv1644 p.Leu232Pro, Rv1694 c.33A>G, Rv1908c p.Arg463Leu, Rv1918c p.Leu896Ser, Rv1979c c.-129A>G, Rv2780 c.-32T>C, Rv3236c p.Thr102Ala, Rv3245c p.Met517Leu, Rv3245c p.Pro18Ser, Rv3793 c.2781C>T, Rv3794 c.228C>T, Rv3805c p.Asp397Gly, Rv3862c c.-75delG, Rv3862c c.-211C>T, Rv3919c c.615A>G, Rv3919c p.Glu92Asp	success
0034_ERR17070185	Pre-XDR-TB	levofloxacin, moxifloxacin, rifampicin, streptomycin, ethionamide, isoniazid, pyrazinamide, ethambutol	levofloxacin; moxifloxacin | Rv0006 p.Ala90Val | dr_variants, rifampicin | Rv0667 p.Ser450Leu | dr_variants, streptomycin | Rv0682 p.Lys88Arg | dr_variants, ethionamide; isoniazid | Rv1484 c.-777C>T | dr_variants, ethionamide; isoniazid | Rv1484 p.Ile194Thr | dr_variants, pyrazinamide | Rv2043c p.Gly108Glu | dr_variants, ethambutol | Rv3795 p.Met306Val | dr_variants, ethionamide | Rv3855 p.Ala95Thr | dr_variants, levofloxacin; moxifloxacin; ofloxacin | Rv0006 p.Glu21Gln | other_variants, levofloxacin; moxifloxacin; ofloxacin | Rv0006 p.Ser95Thr | other_variants, levofloxacin; moxifloxacin; ofloxacin | Rv0006 p.Gly668Asp | other_variants, clofazimine; delamanid; pretomanid | Rv0407 c.960T>C | other_variants, isoniazid; ethionamide | Rv0486 p.Ala187Val | other_variants, amikacin; kanamycin; capreomycin | Rv0529 p.Ile245Met | other_variants, ethionamide | Rv0565c c.390G>A | other_variants, ethionamide | Rv0565c p.Arg110His | other_variants, rifampicin | Rv0667 c.3225T>C | other_variants, rifampicin | Rv0668 c.186C>T | other_variants, rifampicin | Rv0668 p.Pro1040Arg | other_variants, bedaquiline; clofazimine | Rv0676c p.Ile948Val | other_variants, bedaquiline; clofazimine | Rv0676c p.Thr794Ile | other_variants, bedaquiline; clofazimine | Rv0676c p.Asp767Asn | other_variants, bedaquiline; clofazimine | Rv0677c c.-74G>T | other_variants, bedaquiline; clofazimine | Rv0677c c.-710C>G | other_variants, streptomycin | Rv0682 c.-165T>C | other_variants, isoniazid; rifampicin; levofloxacin; moxifloxacin; ofloxacin | Rv1129c c.-28T>C | other_variants, isoniazid; pyrazinamide; streptomycin | Rv1258c c.580_581insC | other_variants, streptomycin; amikacin; kanamycin; capreomycin | EBG00000313325 n.-187C>T | other_variants, pyrazinamide | Rv1630 c.636A>C | other_variants, linezolid | Rv1644 p.Leu232Pro | other_variants, capreomycin | Rv1694 c.33A>G | other_variants, isoniazid | Rv1908c p.Arg463Leu | other_variants, pyrazinamide | Rv1918c p.Leu896Ser | other_variants, bedaquiline; clofazimine | Rv1979c c.-129A>G | other_variants, cycloserine | Rv2780 c.-32T>C | other_variants, pyrazinamide | Rv3236c p.Thr102Ala | other_variants, rifampicin; bedaquiline | Rv3245c p.Met517Leu | other_variants, rifampicin; bedaquiline | Rv3245c p.Pro18Ser | other_variants, ethambutol | Rv3793 c.2781C>T | other_variants, ethambutol | Rv3794 c.228C>T | other_variants, ethambutol | Rv3805c p.Asp397Gly | other_variants, amikacin; kanamycin; capreomycin | Rv3862c c.-75delG | other_variants, amikacin; kanamycin; capreomycin | Rv3862c c.-211C>T | other_variants, streptomycin | Rv3919c c.615A>G | other_variants, streptomycin | Rv3919c p.Glu92Asp | other_variants	Rv0006 p.Ala90Val, Rv0667 p.Ser450Leu, Rv0682 p.Lys88Arg, Rv1484 c.-777C>T, Rv1484 p.Ile194Thr, Rv2043c p.Gly108Glu, Rv3795 p.Met306Val, Rv3855 p.Ala95Thr, Rv0006 p.Glu21Gln, Rv0006 p.Ser95Thr, Rv0006 p.Gly668Asp, Rv0407 c.960T>C, Rv0486 p.Ala187Val, Rv0529 p.Ile245Met, Rv0565c c.390G>A, Rv0565c p.Arg110His, Rv0667 c.3225T>C, Rv0668 c.186C>T, Rv0668 p.Pro1040Arg, Rv0676c p.Ile948Val, Rv0676c p.Thr794Ile, Rv0676c p.Asp767Asn, Rv0677c c.-74G>T, Rv0677c c.-710C>G, Rv0682 c.-165T>C, Rv1129c c.-28T>C, Rv1258c c.580_581insC, EBG00000313325 n.-187C>T, Rv1630 c.636A>C, Rv1644 p.Leu232Pro, Rv1694 c.33A>G, Rv1908c p.Arg463Leu, Rv1918c p.Leu896Ser, Rv1979c c.-129A>G, Rv2780 c.-32T>C, Rv3236c p.Thr102Ala, Rv3245c p.Met517Leu, Rv3245c p.Pro18Ser, Rv3793 c.2781C>T, Rv3794 c.228C>T, Rv3805c p.Asp397Gly, Rv3862c c.-75delG, Rv3862c c.-211C>T, Rv3919c c.615A>G, Rv3919c p.Glu92Asp	success
0035_ERR17070195	No resistance detected by TB-Profiler	None reported	levofloxacin; moxifloxacin; ofloxacin | Rv0006 p.Glu21Gln | other_variants, levofloxacin; moxifloxacin; ofloxacin | Rv0006 p.Ser95Thr | other_variants, levofloxacin; moxifloxacin; ofloxacin | Rv0006 p.Gly668Asp | other_variants, isoniazid | Rv0010c c.-111A>G | other_variants, clofazimine; delamanid; pretomanid | Rv0407 c.960T>C | other_variants, isoniazid; ethionamide | Rv0486 p.Ala187Val | other_variants, amikacin; kanamycin; capreomycin | Rv0529 p.Ile245Met | other_variants, ethionamide | Rv0565c c.390G>A | other_variants, ethionamide | Rv0565c p.Arg110His | other_variants, rifampicin | Rv0667 c.3225T>C | other_variants, bedaquiline; clofazimine | Rv0676c p.Ile948Val | other_variants, bedaquiline; clofazimine | Rv0676c p.Thr794Ile | other_variants, bedaquiline; clofazimine | Rv0676c p.Asp767Asn | other_variants, bedaquiline; clofazimine | Rv0677c c.-710C>G | other_variants, streptomycin | Rv0682 c.-165T>C | other_variants, isoniazid; rifampicin; levofloxacin; moxifloxacin; ofloxacin | Rv1129c c.-28T>C | other_variants, isoniazid; pyrazinamide; streptomycin | Rv1258c p.Met242Ile | other_variants, isoniazid; pyrazinamide; streptomycin | Rv1258c c.580_581insC | other_variants, streptomycin; amikacin; kanamycin; capreomycin | EBG00000313325 n.-187C>T | other_variants, pyrazinamide | Rv1630 c.636A>C | other_variants, linezolid | Rv1644 p.Leu232Pro | other_variants, capreomycin | Rv1694 c.33A>G | other_variants, isoniazid | Rv1908c p.Arg463Leu | other_variants, pyrazinamide | Rv1918c p.Leu896Ser | other_variants, bedaquiline; clofazimine | Rv1979c c.-129A>G | other_variants, cycloserine | Rv2780 c.-32T>C | other_variants, pyrazinamide | Rv3236c p.Thr102Ala | other_variants, rifampicin; bedaquiline | Rv3245c p.Met517Leu | other_variants, rifampicin; bedaquiline | Rv3245c p.Pro18Ser | other_variants, ethambutol | Rv3793 c.2781C>T | other_variants, ethambutol | Rv3794 c.228C>T | other_variants, ethambutol | Rv3795 c.54G>T | other_variants, ethambutol | Rv3805c p.Asp397Gly | other_variants, amikacin; kanamycin; capreomycin | Rv3862c c.-75delG | other_variants, amikacin; kanamycin; capreomycin | Rv3862c c.-211C>T | other_variants, streptomycin | Rv3919c c.615A>G | other_variants, streptomycin | Rv3919c p.Glu92Asp | other_variants	Rv0006 p.Glu21Gln, Rv0006 p.Ser95Thr, Rv0006 p.Gly668Asp, Rv0010c c.-111A>G, Rv0407 c.960T>C, Rv0486 p.Ala187Val, Rv0529 p.Ile245Met, Rv0565c c.390G>A, Rv0565c p.Arg110His, Rv0667 c.3225T>C, Rv0676c p.Ile948Val, Rv0676c p.Thr794Ile, Rv0676c p.Asp767Asn, Rv0677c c.-710C>G, Rv0682 c.-165T>C, Rv1129c c.-28T>C, Rv1258c p.Met242Ile, Rv1258c c.580_581insC, EBG00000313325 n.-187C>T, Rv1630 c.636A>C, Rv1644 p.Leu232Pro, Rv1694 c.33A>G, Rv1908c p.Arg463Leu, Rv1918c p.Leu896Ser, Rv1979c c.-129A>G, Rv2780 c.-32T>C, Rv3236c p.Thr102Ala, Rv3245c p.Met517Leu, Rv3245c p.Pro18Ser, Rv3793 c.2781C>T, Rv3794 c.228C>T, Rv3795 c.54G>T, Rv3805c p.Asp397Gly, Rv3862c c.-75delG, Rv3862c c.-211C>T, Rv3919c c.615A>G, Rv3919c p.Glu92Asp	success
0036_ERR17090777	RR-TB	rifampicin	rifampicin | Rv0667 p.Leu430Pro | dr_variants, rifampicin | Rv0667 p.His445Leu | dr_variants, levofloxacin; moxifloxacin; ofloxacin | Rv0006 p.Glu21Gln | other_variants, levofloxacin; moxifloxacin; ofloxacin | Rv0006 p.Ser95Thr | other_variants, levofloxacin; moxifloxacin; ofloxacin | Rv0006 p.Gly247Ser | other_variants, levofloxacin; moxifloxacin; ofloxacin | Rv0006 p.Gly668Asp | other_variants, rifampicin | Rv0668 c.1626C>G | other_variants, bedaquiline; clofazimine | Rv0676c p.Ile948Val | other_variants, streptomycin | Rv0682 c.-165T>C | other_variants, streptomycin; amikacin; kanamycin; capreomycin | EBG00000313325 n.-187C>T | other_variants, pyrazinamide | Rv1630 p.Met432Thr | other_variants, linezolid | Rv1644 p.Leu232Pro | other_variants, capreomycin | Rv1694 c.33A>G | other_variants, isoniazid | Rv1908c c.-85C>T | other_variants, bedaquiline; clofazimine | Rv1979c c.-129A>G | other_variants, isoniazid | Rv2245 p.Gly269Ser | other_variants, Rv2447c p.Ala420Val | other_variants, Rv2764c p.Thr202Ala | other_variants, cycloserine | Rv2780 c.-32T>C | other_variants, ethionamide | Rv3083 c.-124G>C | other_variants, pyrazinamide | Rv3236c c.597G>T | other_variants, rifampicin; bedaquiline | Rv3245c p.Met517Leu | other_variants, pyrazinamide | Rv3596c c.2418C>T | other_variants, ethambutol | Rv3793 c.2781C>T | other_variants, amikacin; kanamycin; capreomycin | Rv3862c c.-75delG | other_variants, amikacin; kanamycin; capreomycin | Rv3862c c.-211C>T | other_variants, streptomycin | Rv3919c p.Leu16Arg | other_variants	Rv0667 p.Leu430Pro, Rv0667 p.His445Leu, Rv0006 p.Glu21Gln, Rv0006 p.Ser95Thr, Rv0006 p.Gly247Ser, Rv0006 p.Gly668Asp, Rv0668 c.1626C>G, Rv0676c p.Ile948Val, Rv0682 c.-165T>C, EBG00000313325 n.-187C>T, Rv1630 p.Met432Thr, Rv1644 p.Leu232Pro, Rv1694 c.33A>G, Rv1908c c.-85C>T, Rv1979c c.-129A>G, Rv2245 p.Gly269Ser, Rv2447c p.Ala420Val, Rv2764c p.Thr202Ala, Rv2780 c.-32T>C, Rv3083 c.-124G>C, Rv3236c c.597G>T, Rv3245c p.Met517Leu, Rv3596c c.2418C>T, Rv3793 c.2781C>T, Rv3862c c.-75delG, Rv3862c c.-211C>T, Rv3919c p.Leu16Arg	success
0037_ERR17090790	MDR-TB	rifampicin, bedaquiline, clofazimine, ethionamide, isoniazid, pyrazinamide, ethambutol	rifampicin | Rv0667 p.Ser450Leu | dr_variants, bedaquiline; clofazimine | Rv0678 c.144dupC | dr_variants, ethionamide; isoniazid | Rv1484 c.-777C>T | dr_variants, ethionamide; isoniazid | Rv1484 p.Ile194Thr | dr_variants, pyrazinamide | Rv2043c p.Asp8Asn | dr_variants, ethambutol | Rv3795 p.Met306Val | dr_variants, ethionamide | Rv3855 p.Ala95Thr | dr_variants, levofloxacin; moxifloxacin; ofloxacin | Rv0006 p.Glu21Gln | other_variants, levofloxacin; moxifloxacin; ofloxacin | Rv0006 p.Ser95Thr | other_variants, levofloxacin; moxifloxacin; ofloxacin | Rv0006 p.Gly668Asp | other_variants, clofazimine; delamanid; pretomanid | Rv0407 c.960T>C | other_variants, isoniazid; ethionamide | Rv0486 p.Ala187Val | other_variants, amikacin; kanamycin; capreomycin | Rv0529 p.Ile245Met | other_variants, ethionamide | Rv0565c c.390G>A | other_variants, ethionamide | Rv0565c p.Arg110His | other_variants, rifampicin | Rv0667 c.3225T>C | other_variants, rifampicin | Rv0668 c.186C>T | other_variants, rifampicin | Rv0668 p.Asp485Tyr | other_variants, bedaquiline; clofazimine | Rv0676c p.Ile948Val | other_variants, bedaquiline; clofazimine | Rv0676c p.Thr794Ile | other_variants, bedaquiline; clofazimine | Rv0676c p.Asp767Asn | other_variants, bedaquiline; clofazimine | Rv0677c c.-74G>T | other_variants, bedaquiline; clofazimine | Rv0677c c.-710C>G | other_variants, streptomycin | Rv0682 c.-165T>C | other_variants, isoniazid; rifampicin; levofloxacin; moxifloxacin; ofloxacin | Rv1129c c.-28T>C | other_variants, isoniazid; pyrazinamide; streptomycin | Rv1258c c.580_581insC | other_variants, streptomycin; amikacin; kanamycin; capreomycin | EBG00000313325 n.-187C>T | other_variants, pyrazinamide | Rv1630 c.636A>C | other_variants, linezolid | Rv1644 p.Leu232Pro | other_variants, capreomycin | Rv1694 c.33A>G | other_variants, isoniazid | Rv1908c p.Arg463Leu | other_variants, pyrazinamide | Rv1918c p.Leu896Ser | other_variants, bedaquiline; clofazimine | Rv1979c c.-129A>G | other_variants, cycloserine | Rv2780 c.-32T>C | other_variants, pyrazinamide | Rv3236c p.Thr102Ala | other_variants, rifampicin; bedaquiline | Rv3245c p.Met517Leu | other_variants, rifampicin; bedaquiline | Rv3245c p.Pro18Ser | other_variants, ethambutol | Rv3793 c.2781C>T | other_variants, ethambutol | Rv3794 c.228C>T | other_variants, ethambutol | Rv3805c p.Asp397Gly | other_variants, amikacin; kanamycin; capreomycin | Rv3862c c.-75delG | other_variants, amikacin; kanamycin; capreomycin | Rv3862c c.-211C>T | other_variants, streptomycin | Rv3919c c.615A>G | other_variants, streptomycin | Rv3919c p.Glu92Asp | other_variants	Rv0667 p.Ser450Leu, Rv0678 c.144dupC, Rv1484 c.-777C>T, Rv1484 p.Ile194Thr, Rv2043c p.Asp8Asn, Rv3795 p.Met306Val, Rv3855 p.Ala95Thr, Rv0006 p.Glu21Gln, Rv0006 p.Ser95Thr, Rv0006 p.Gly668Asp, Rv0407 c.960T>C, Rv0486 p.Ala187Val, Rv0529 p.Ile245Met, Rv0565c c.390G>A, Rv0565c p.Arg110His, Rv0667 c.3225T>C, Rv0668 c.186C>T, Rv0668 p.Asp485Tyr, Rv0676c p.Ile948Val, Rv0676c p.Thr794Ile, Rv0676c p.Asp767Asn, Rv0677c c.-74G>T, Rv0677c c.-710C>G, Rv0682 c.-165T>C, Rv1129c c.-28T>C, Rv1258c c.580_581insC, EBG00000313325 n.-187C>T, Rv1630 c.636A>C, Rv1644 p.Leu232Pro, Rv1694 c.33A>G, Rv1908c p.Arg463Leu, Rv1918c p.Leu896Ser, Rv1979c c.-129A>G, Rv2780 c.-32T>C, Rv3236c p.Thr102Ala, Rv3245c p.Met517Leu, Rv3245c p.Pro18Ser, Rv3793 c.2781C>T, Rv3794 c.228C>T, Rv3805c p.Asp397Gly, Rv3862c c.-75delG, Rv3862c c.-211C>T, Rv3919c c.615A>G, Rv3919c p.Glu92Asp	success
0038_ERR17090791	RR-TB	rifampicin	rifampicin | Rv0667 p.Leu430Pro | dr_variants, levofloxacin; moxifloxacin; ofloxacin | Rv0006 p.Glu21Gln | other_variants, levofloxacin; moxifloxacin; ofloxacin | Rv0006 p.Ser95Thr | other_variants, levofloxacin; moxifloxacin; ofloxacin | Rv0006 p.Gly247Ser | other_variants, levofloxacin; moxifloxacin; ofloxacin | Rv0006 p.Gly668Asp | other_variants, rifampicin | Rv0668 c.1626C>G | other_variants, bedaquiline; clofazimine | Rv0676c p.Ile948Val | other_variants, streptomycin | Rv0682 c.-165T>C | other_variants, streptomycin; amikacin; kanamycin; capreomycin | EBG00000313325 n.-187C>T | other_variants, pyrazinamide | Rv1630 p.Met432Thr | other_variants, linezolid | Rv1644 p.Leu232Pro | other_variants, capreomycin | Rv1694 c.33A>G | other_variants, isoniazid | Rv1908c c.-85C>T | other_variants, bedaquiline; clofazimine | Rv1979c c.-129A>G | other_variants, isoniazid | Rv2245 p.Gly269Ser | other_variants, Rv2447c p.Ala420Val | other_variants, Rv2764c p.Thr202Ala | other_variants, cycloserine | Rv2780 c.-32T>C | other_variants, ethionamide | Rv3083 c.-124G>C | other_variants, pyrazinamide | Rv3236c c.597G>T | other_variants, rifampicin; bedaquiline | Rv3245c p.Met517Leu | other_variants, pyrazinamide | Rv3596c c.2418C>T | other_variants, ethambutol | Rv3793 c.2781C>T | other_variants, amikacin; kanamycin; capreomycin | Rv3862c c.-75delG | other_variants, amikacin; kanamycin; capreomycin | Rv3862c c.-211C>T | other_variants, streptomycin | Rv3919c p.Leu16Arg | other_variants	Rv0667 p.Leu430Pro, Rv0006 p.Glu21Gln, Rv0006 p.Ser95Thr, Rv0006 p.Gly247Ser, Rv0006 p.Gly668Asp, Rv0668 c.1626C>G, Rv0676c p.Ile948Val, Rv0682 c.-165T>C, EBG00000313325 n.-187C>T, Rv1630 p.Met432Thr, Rv1644 p.Leu232Pro, Rv1694 c.33A>G, Rv1908c c.-85C>T, Rv1979c c.-129A>G, Rv2245 p.Gly269Ser, Rv2447c p.Ala420Val, Rv2764c p.Thr202Ala, Rv2780 c.-32T>C, Rv3083 c.-124G>C, Rv3236c c.597G>T, Rv3245c p.Met517Leu, Rv3596c c.2418C>T, Rv3793 c.2781C>T, Rv3862c c.-75delG, Rv3862c c.-211C>T, Rv3919c p.Leu16Arg	success
0039_ERR7737945	RR-TB	rifampicin	rifampicin | Rv0667 p.His445Tyr | dr_variants, levofloxacin; moxifloxacin; ofloxacin | Rv0006 p.Glu21Gln | other_variants, levofloxacin; moxifloxacin; ofloxacin | Rv0006 p.Ser95Thr | other_variants, levofloxacin; moxifloxacin; ofloxacin | Rv0006 p.Gly668Asp | other_variants, clofazimine; delamanid; pretomanid | Rv0407 c.960T>C | other_variants, isoniazid; ethionamide | Rv0486 p.Ala187Val | other_variants, amikacin; kanamycin; capreomycin | Rv0529 p.Ile245Met | other_variants, ethionamide | Rv0565c c.390G>A | other_variants, ethionamide | Rv0565c p.Arg110His | other_variants, rifampicin | Rv0667 c.3225T>C | other_variants, bedaquiline; clofazimine | Rv0676c p.Ile948Val | other_variants, bedaquiline; clofazimine | Rv0676c p.Thr794Ile | other_variants, bedaquiline; clofazimine | Rv0676c p.Asp767Asn | other_variants, bedaquiline; clofazimine | Rv0677c c.-710C>G | other_variants, streptomycin | Rv0682 c.-165T>C | other_variants, isoniazid; rifampicin; levofloxacin; moxifloxacin; ofloxacin | Rv1129c c.-28T>C | other_variants, isoniazid; pyrazinamide; streptomycin | Rv1258c c.580_581insC | other_variants, streptomycin; amikacin; kanamycin; capreomycin | EBG00000313325 n.-187C>T | other_variants, pyrazinamide | Rv1630 c.636A>C | other_variants, linezolid | Rv1644 p.Leu232Pro | other_variants, capreomycin | Rv1694 c.33A>G | other_variants, isoniazid | Rv1908c p.Arg463Leu | other_variants, pyrazinamide | Rv1918c p.Leu896Ser | other_variants, bedaquiline; clofazimine | Rv1979c c.-129A>G | other_variants, cycloserine | Rv2780 c.-32T>C | other_variants, pyrazinamide | Rv3236c p.Thr102Ala | other_variants, rifampicin; bedaquiline | Rv3245c p.Met517Leu | other_variants, rifampicin; bedaquiline | Rv3245c p.Pro18Ser | other_variants, ethambutol | Rv3793 c.2781C>T | other_variants, ethambutol | Rv3794 c.228C>T | other_variants, ethambutol | Rv3805c p.Asp397Gly | other_variants, amikacin; kanamycin; capreomycin | Rv3862c c.-75delG | other_variants, amikacin; kanamycin; capreomycin | Rv3862c c.-211C>T | other_variants, streptomycin | Rv3919c c.615A>G | other_variants, streptomycin | Rv3919c p.Tyr195His | other_variants, streptomycin | Rv3919c p.Glu92Asp | other_variants	Rv0667 p.His445Tyr, Rv0006 p.Glu21Gln, Rv0006 p.Ser95Thr, Rv0006 p.Gly668Asp, Rv0407 c.960T>C, Rv0486 p.Ala187Val, Rv0529 p.Ile245Met, Rv0565c c.390G>A, Rv0565c p.Arg110His, Rv0667 c.3225T>C, Rv0676c p.Ile948Val, Rv0676c p.Thr794Ile, Rv0676c p.Asp767Asn, Rv0677c c.-710C>G, Rv0682 c.-165T>C, Rv1129c c.-28T>C, Rv1258c c.580_581insC, EBG00000313325 n.-187C>T, Rv1630 c.636A>C, Rv1644 p.Leu232Pro, Rv1694 c.33A>G, Rv1908c p.Arg463Leu, Rv1918c p.Leu896Ser, Rv1979c c.-129A>G, Rv2780 c.-32T>C, Rv3236c p.Thr102Ala, Rv3245c p.Met517Leu, Rv3245c p.Pro18Ser, Rv3793 c.2781C>T, Rv3794 c.228C>T, Rv3805c p.Asp397Gly, Rv3862c c.-75delG, Rv3862c c.-211C>T, Rv3919c c.615A>G, Rv3919c p.Tyr195His, Rv3919c p.Glu92Asp	success
0040_ERR8025420	Pre-XDR-TB	levofloxacin, moxifloxacin, rifampicin, streptomycin, isoniazid, pyrazinamide, ethambutol	levofloxacin; moxifloxacin | Rv0006 p.Ser91Pro | dr_variants, levofloxacin; moxifloxacin | Rv0006 p.Asp94Gly | dr_variants, rifampicin | Rv0667 p.Ser450Leu | dr_variants, streptomycin | EBG00000313325 n.514A>C | dr_variants, amikacin; capreomycin; kanamycin | EBG00000313325 n.1401A>G | dr_variants, isoniazid | Rv1908c p.Ser315Thr | dr_variants, pyrazinamide | Rv2043c p.Thr160Ala | dr_variants, pyrazinamide | Rv2043c p.Thr100Ile | dr_variants, ethambutol | Rv3795 p.Met306Ile | dr_variants, levofloxacin; moxifloxacin; ofloxacin | Rv0006 p.Glu21Gln | other_variants, levofloxacin; moxifloxacin; ofloxacin | Rv0006 p.Ser95Thr | other_variants, levofloxacin; moxifloxacin; ofloxacin | Rv0006 p.Gly668Asp | other_variants, clofazimine; delamanid; pretomanid | Rv0407 c.546C>G | other_variants, clofazimine; delamanid; pretomanid | Rv0407 p.Lys183Met | other_variants, clofazimine; delamanid; pretomanid | Rv0407 c.960T>C | other_variants, isoniazid; ethionamide | Rv0486 p.Ala187Val | other_variants, amikacin; kanamycin; capreomycin | Rv0529 p.Ile245Met | other_variants, ethionamide | Rv0565c c.390G>A | other_variants, ethionamide | Rv0565c p.Arg110His | other_variants, rifampicin | Rv0667 c.3225T>C | other_variants, rifampicin | Rv0668 p.Asp485Tyr | other_variants, bedaquiline; clofazimine | Rv0676c c.2889G>A | other_variants, bedaquiline; clofazimine | Rv0676c p.Ile948Val | other_variants, bedaquiline; clofazimine | Rv0676c p.Thr794Ile | other_variants, bedaquiline; clofazimine | Rv0676c p.Asp767Asn | other_variants, bedaquiline; clofazimine | Rv0677c c.-710C>G | other_variants, streptomycin | Rv0682 c.-165T>C | other_variants, isoniazid; rifampicin; levofloxacin; moxifloxacin; ofloxacin | Rv1129c c.-28T>C | other_variants, isoniazid; pyrazinamide; streptomycin | Rv1258c c.580_581insC | other_variants, streptomycin; amikacin; kanamycin; capreomycin | EBG00000313325 n.-187C>T | other_variants, pyrazinamide | Rv1630 c.636A>C | other_variants, linezolid | Rv1644 p.Leu232Pro | other_variants, capreomycin | Rv1694 c.33A>G | other_variants, isoniazid | Rv1908c p.Arg463Leu | other_variants, pyrazinamide | Rv1918c p.Leu896Ser | other_variants, bedaquiline; clofazimine | Rv1979c c.-129A>G | other_variants, cycloserine | Rv2780 c.-32T>C | other_variants, ethionamide | Rv3083 p.Trp271* | other_variants, pyrazinamide | Rv3236c p.Thr102Ala | other_variants, rifampicin; bedaquiline | Rv3245c p.Met517Leu | other_variants, rifampicin; bedaquiline | Rv3245c p.Glu429Gly | other_variants, rifampicin; bedaquiline | Rv3245c p.Pro18Ser | other_variants, cycloserine | Rv3423c c.-14C>T | other_variants, ethambutol | Rv3793 c.2781C>T | other_variants, ethambutol | Rv3794 c.228C>T | other_variants, ethambutol | Rv3805c p.Asp397Gly | other_variants, ethionamide | Rv3854c p.Gln254Pro | other_variants, amikacin; kanamycin; capreomycin | Rv3862c p.Cys53Arg | other_variants, amikacin; kanamycin; capreomycin | Rv3862c c.-75delG | other_variants, amikacin; kanamycin; capreomycin | Rv3862c c.-211C>T | other_variants, streptomycin | Rv3919c c.615A>G | other_variants, streptomycin | Rv3919c p.Glu92Asp | other_variants	Rv0006 p.Ser91Pro, Rv0006 p.Asp94Gly, Rv0667 p.Ser450Leu, EBG00000313325 n.514A>C, EBG00000313325 n.1401A>G, Rv1908c p.Ser315Thr, Rv2043c p.Thr160Ala, Rv2043c p.Thr100Ile, Rv3795 p.Met306Ile, Rv0006 p.Glu21Gln, Rv0006 p.Ser95Thr, Rv0006 p.Gly668Asp, Rv0407 c.546C>G, Rv0407 p.Lys183Met, Rv0407 c.960T>C, Rv0486 p.Ala187Val, Rv0529 p.Ile245Met, Rv0565c c.390G>A, Rv0565c p.Arg110His, Rv0667 c.3225T>C, Rv0668 p.Asp485Tyr, Rv0676c c.2889G>A, Rv0676c p.Ile948Val, Rv0676c p.Thr794Ile, Rv0676c p.Asp767Asn, Rv0677c c.-710C>G, Rv0682 c.-165T>C, Rv1129c c.-28T>C, Rv1258c c.580_581insC, EBG00000313325 n.-187C>T, Rv1630 c.636A>C, Rv1644 p.Leu232Pro, Rv1694 c.33A>G, Rv1908c p.Arg463Leu, Rv1918c p.Leu896Ser, Rv1979c c.-129A>G, Rv2780 c.-32T>C, Rv3083 p.Trp271*, Rv3236c p.Thr102Ala, Rv3245c p.Met517Leu, Rv3245c p.Glu429Gly, Rv3245c p.Pro18Ser, Rv3423c c.-14C>T, Rv3793 c.2781C>T, Rv3794 c.228C>T, Rv3805c p.Asp397Gly, Rv3854c p.Gln254Pro, Rv3862c p.Cys53Arg, Rv3862c c.-75delG, Rv3862c c.-211C>T, Rv3919c c.615A>G, Rv3919c p.Glu92Asp	success
0041_SRR10869058	MDR-TB	rifampicin, streptomycin, ethionamide, isoniazid, pyrazinamide, ethambutol	rifampicin | Rv0667 p.Ser450Leu | dr_variants, streptomycin | EBG00000313325 n.514A>C | dr_variants, ethionamide; isoniazid | Rv1484 c.-777C>T | dr_variants, isoniazid | Rv1908c p.Ser315Thr | dr_variants, pyrazinamide | Rv2043c p.Thr160Ala | dr_variants, pyrazinamide | Rv2043c p.Thr100Ile | dr_variants, ethambutol | Rv3795 p.Met306Ile | dr_variants, levofloxacin; moxifloxacin; ofloxacin | Rv0005 p.Thr500Ala | other_variants, levofloxacin; moxifloxacin; ofloxacin | Rv0006 p.Glu21Gln | other_variants, levofloxacin; moxifloxacin; ofloxacin | Rv0006 p.Ser95Thr | other_variants, levofloxacin; moxifloxacin; ofloxacin | Rv0006 p.Gly668Asp | other_variants, clofazimine; delamanid; pretomanid | Rv0407 c.546C>G | other_variants, clofazimine; delamanid; pretomanid | Rv0407 p.Lys183Met | other_variants, clofazimine; delamanid; pretomanid | Rv0407 c.960T>C | other_variants, isoniazid; ethionamide | Rv0486 p.Ala187Val | other_variants, amikacin; kanamycin; capreomycin | Rv0529 p.Ile245Met | other_variants, ethionamide | Rv0565c c.390G>A | other_variants, ethionamide | Rv0565c p.Arg110His | other_variants, rifampicin | Rv0667 c.3225T>C | other_variants, rifampicin | Rv0668 p.Asp485Tyr | other_variants, bedaquiline; clofazimine | Rv0676c c.2889G>A | other_variants, bedaquiline; clofazimine | Rv0676c p.Ile948Val | other_variants, bedaquiline; clofazimine | Rv0676c p.Thr794Ile | other_variants, bedaquiline; clofazimine | Rv0676c p.Asp767Asn | other_variants, bedaquiline; clofazimine | Rv0677c c.-710C>G | other_variants, streptomycin | Rv0682 c.-165T>C | other_variants, isoniazid; rifampicin; levofloxacin; moxifloxacin; ofloxacin | Rv1129c c.-28T>C | other_variants, isoniazid; pyrazinamide; streptomycin | Rv1258c c.580_581insC | other_variants, streptomycin; amikacin; kanamycin; capreomycin | EBG00000313325 n.-187C>T | other_variants, pyrazinamide | Rv1630 c.636A>C | other_variants, linezolid | Rv1644 p.Leu232Pro | other_variants, capreomycin | Rv1694 c.33A>G | other_variants, isoniazid | Rv1908c p.Arg463Leu | other_variants, pyrazinamide | Rv1918c p.Leu896Ser | other_variants, bedaquiline; clofazimine | Rv1979c c.-129A>G | other_variants, cycloserine | Rv2780 c.-32T>C | other_variants, cycloserine | Rv2780 p.Lys341Ile | other_variants, ethionamide | Rv3083 p.Trp271* | other_variants, pyrazinamide | Rv3236c p.Thr102Ala | other_variants, rifampicin; bedaquiline | Rv3245c p.Met517Leu | other_variants, rifampicin; bedaquiline | Rv3245c p.Glu429Gly | other_variants, rifampicin; bedaquiline | Rv3245c p.Pro18Ser | other_variants, ethambutol | Rv3793 c.2781C>T | other_variants, ethambutol | Rv3794 c.228C>T | other_variants, ethambutol | Rv3794 p.Gly831Arg | other_variants, ethambutol | Rv3805c p.Asp397Gly | other_variants, amikacin; kanamycin; capreomycin | Rv3862c p.Cys53Arg | other_variants, amikacin; kanamycin; capreomycin | Rv3862c c.-75delG | other_variants, amikacin; kanamycin; capreomycin | Rv3862c c.-211C>T | other_variants, streptomycin | Rv3919c c.615A>G | other_variants, streptomycin | Rv3919c p.Glu92Asp | other_variants	Rv0667 p.Ser450Leu, EBG00000313325 n.514A>C, Rv1484 c.-777C>T, Rv1908c p.Ser315Thr, Rv2043c p.Thr160Ala, Rv2043c p.Thr100Ile, Rv3795 p.Met306Ile, Rv0005 p.Thr500Ala, Rv0006 p.Glu21Gln, Rv0006 p.Ser95Thr, Rv0006 p.Gly668Asp, Rv0407 c.546C>G, Rv0407 p.Lys183Met, Rv0407 c.960T>C, Rv0486 p.Ala187Val, Rv0529 p.Ile245Met, Rv0565c c.390G>A, Rv0565c p.Arg110His, Rv0667 c.3225T>C, Rv0668 p.Asp485Tyr, Rv0676c c.2889G>A, Rv0676c p.Ile948Val, Rv0676c p.Thr794Ile, Rv0676c p.Asp767Asn, Rv0677c c.-710C>G, Rv0682 c.-165T>C, Rv1129c c.-28T>C, Rv1258c c.580_581insC, EBG00000313325 n.-187C>T, Rv1630 c.636A>C, Rv1644 p.Leu232Pro, Rv1694 c.33A>G, Rv1908c p.Arg463Leu, Rv1918c p.Leu896Ser, Rv1979c c.-129A>G, Rv2780 c.-32T>C, Rv2780 p.Lys341Ile, Rv3083 p.Trp271*, Rv3236c p.Thr102Ala, Rv3245c p.Met517Leu, Rv3245c p.Glu429Gly, Rv3245c p.Pro18Ser, Rv3793 c.2781C>T, Rv3794 c.228C>T, Rv3794 p.Gly831Arg, Rv3805c p.Asp397Gly, Rv3862c p.Cys53Arg, Rv3862c c.-75delG, Rv3862c c.-211C>T, Rv3919c c.615A>G, Rv3919c p.Glu92Asp	success
0042_SRR10869317	MDR-TB	rifampicin, isoniazid	rifampicin; rifampicin | Rv0667 c.1297_1299dupTTC | dr_variants, isoniazid | Rv1908c p.Ser315Thr | dr_variants, levofloxacin; moxifloxacin; ofloxacin | Rv0005 p.Val301Leu | other_variants, levofloxacin; moxifloxacin; ofloxacin | Rv0006 p.Glu21Gln | other_variants, levofloxacin; moxifloxacin; ofloxacin | Rv0006 p.Ser95Thr | other_variants, levofloxacin; moxifloxacin; ofloxacin | Rv0006 p.Gly668Asp | other_variants, rifampicin | Rv0667 c.-362T>G | other_variants, rifampicin | Rv0668 c.1626C>G | other_variants, bedaquiline; clofazimine | Rv0676c p.Ile948Val | other_variants, streptomycin | Rv0682 c.-165T>C | other_variants, streptomycin; amikacin; kanamycin; capreomycin | EBG00000313325 n.-187C>T | other_variants, linezolid | Rv1644 p.Leu232Pro | other_variants, capreomycin | Rv1694 c.33A>G | other_variants, bedaquiline; clofazimine | Rv1979c c.-129A>G | other_variants, Rv2764c p.Thr202Ala | other_variants, cycloserine | Rv2780 c.-32T>C | other_variants, pyrazinamide | Rv3236c p.Ala370Thr | other_variants, rifampicin; bedaquiline | Rv3245c p.Met517Leu | other_variants, cycloserine | Rv3423c c.630A>G | other_variants, pyrazinamide | Rv3596c c.2418C>T | other_variants, ethambutol | Rv3793 c.2781C>T | other_variants, amikacin; kanamycin; capreomycin | Rv3862c c.-75delG | other_variants, amikacin; kanamycin; capreomycin | Rv3862c c.-211C>T | other_variants, streptomycin | Rv3919c p.Leu16Arg | other_variants	Rv0667 c.1297_1299dupTTC, Rv1908c p.Ser315Thr, Rv0005 p.Val301Leu, Rv0006 p.Glu21Gln, Rv0006 p.Ser95Thr, Rv0006 p.Gly668Asp, Rv0667 c.-362T>G, Rv0668 c.1626C>G, Rv0676c p.Ile948Val, Rv0682 c.-165T>C, EBG00000313325 n.-187C>T, Rv1644 p.Leu232Pro, Rv1694 c.33A>G, Rv1979c c.-129A>G, Rv2764c p.Thr202Ala, Rv2780 c.-32T>C, Rv3236c p.Ala370Thr, Rv3245c p.Met517Leu, Rv3423c c.630A>G, Rv3596c c.2418C>T, Rv3793 c.2781C>T, Rv3862c c.-75delG, Rv3862c c.-211C>T, Rv3919c p.Leu16Arg	success
0043_SRR10869318	No resistance detected by TB-Profiler	None reported	levofloxacin; moxifloxacin; ofloxacin | Rv0006 p.Glu21Gln | other_variants, levofloxacin; moxifloxacin; ofloxacin | Rv0006 p.Ser95Thr | other_variants, levofloxacin; moxifloxacin; ofloxacin | Rv0006 p.Gly668Asp | other_variants, clofazimine; delamanid; pretomanid | Rv0407 c.960T>C | other_variants, isoniazid; ethionamide | Rv0486 p.Ala187Val | other_variants, amikacin; kanamycin; capreomycin | Rv0529 p.Ile245Met | other_variants, ethionamide | Rv0565c c.390G>A | other_variants, ethionamide | Rv0565c p.Arg110His | other_variants, rifampicin | Rv0667 c.3225T>C | other_variants, rifampicin | Rv0668 p.Thr225Asn | other_variants, bedaquiline; clofazimine | Rv0676c p.Ile948Val | other_variants, bedaquiline; clofazimine | Rv0676c p.Thr794Ile | other_variants, bedaquiline; clofazimine | Rv0676c p.Asp767Asn | other_variants, bedaquiline; clofazimine | Rv0677c c.-710C>G | other_variants, streptomycin | Rv0682 c.-165T>C | other_variants, isoniazid; rifampicin; levofloxacin; moxifloxacin; ofloxacin | Rv1129c c.-28T>C | other_variants, isoniazid; pyrazinamide; streptomycin | Rv1258c c.580_581insC | other_variants, streptomycin; amikacin; kanamycin; capreomycin | EBG00000313325 n.-187C>T | other_variants, streptomycin; amikacin; kanamycin; capreomycin | EBG00000313325 n.685G>A | other_variants, streptomycin; amikacin; kanamycin; capreomycin | EBG00000313325 n.692C>T | other_variants, streptomycin; amikacin; kanamycin; capreomycin | EBG00000313325 n.696T>G | other_variants, streptomycin; amikacin; kanamycin; capreomycin | EBG00000313325 n.699C>G | other_variants, streptomycin; amikacin; kanamycin; capreomycin | EBG00000313325 n.700A>T | other_variants, streptomycin; amikacin; kanamycin; capreomycin | EBG00000313325 n.712G>A | other_variants, streptomycin; amikacin; kanamycin; capreomycin | EBG00000313325 n.725G>A | other_variants, streptomycin; amikacin; kanamycin; capreomycin | EBG00000313325 n.726G>C | other_variants, streptomycin; amikacin; kanamycin; capreomycin | EBG00000313325 n.728C>T | other_variants, streptomycin; amikacin; kanamycin; capreomycin | EBG00000313325 n.736A>T | other_variants, streptomycin; amikacin; kanamycin; capreomycin | EBG00000313325 n.753A>C | other_variants, streptomycin; amikacin; kanamycin; capreomycin | EBG00000313325 n.771G>A | other_variants, streptomycin; amikacin; kanamycin; capreomycin | EBG00000313325 n.1109_1112delTCTC | other_variants, streptomycin; amikacin; kanamycin; capreomycin | EBG00000313325 n.1114_1115insTTTA | other_variants, streptomycin; amikacin; kanamycin; capreomycin | EBG00000313325 n.1130T>A | other_variants, streptomycin; amikacin; kanamycin; capreomycin | EBG00000313325 n.1137G>C | other_variants, streptomycin; amikacin; kanamycin; capreomycin | EBG00000313325 n.1142G>T | other_variants, streptomycin; amikacin; kanamycin; capreomycin | EBG00000313325 n.1143T>A | other_variants, streptomycin; amikacin; kanamycin; capreomycin | EBG00000313325 n.1146G>A | other_variants, streptomycin; amikacin; kanamycin; capreomycin | EBG00000313325 n.1147A>T | other_variants, streptomycin; amikacin; kanamycin; capreomycin | EBG00000313325 n.1157G>T | other_variants, streptomycin; amikacin; kanamycin; capreomycin | EBG00000313325 n.1159T>A | other_variants, streptomycin; amikacin; kanamycin; capreomycin | EBG00000313325 n.1163C>A | other_variants, streptomycin; amikacin; kanamycin; capreomycin | EBG00000313325 n.1164T>C | other_variants, streptomycin; amikacin; kanamycin; capreomycin | EBG00000313325 n.1175T>C | other_variants, streptomycin; amikacin; kanamycin; capreomycin | EBG00000313325 n.1190G>A | other_variants, streptomycin; amikacin; kanamycin; capreomycin | EBG00000313325 n.1208T>A | other_variants, streptomycin; amikacin; kanamycin; capreomycin | EBG00000313325 n.1211A>T | other_variants, streptomycin; amikacin; kanamycin; capreomycin | EBG00000313325 n.1217T>A | other_variants, streptomycin; amikacin; kanamycin; capreomycin | EBG00000313325 n.1223A>G | other_variants, streptomycin; amikacin; kanamycin; capreomycin | EBG00000313325 n.1225G>A | other_variants, capreomycin; linezolid | EBG00000313339 n.1122G>A | other_variants, capreomycin; linezolid | EBG00000313339 n.1123C>T | other_variants, capreomycin; linezolid | EBG00000313339 n.1125G>A | other_variants, capreomycin; linezolid | EBG00000313339 n.1133C>T | other_variants, capreomycin; linezolid | EBG00000313339 n.1141C>T | other_variants, capreomycin; linezolid | EBG00000313339 n.1147C>T | other_variants, capreomycin; linezolid | EBG00000313339 n.1166C>G | other_variants, capreomycin; linezolid | EBG00000313339 n.1170C>T | other_variants, capreomycin; linezolid | EBG00000313339 n.1187G>T | other_variants, capreomycin; linezolid | EBG00000313339 n.1209C>A | other_variants, capreomycin; linezolid | EBG00000313339 n.1212G>T | other_variants, capreomycin; linezolid | EBG00000313339 n.1239A>G | other_variants, capreomycin; linezolid | EBG00000313339 n.1245T>C | other_variants, capreomycin; linezolid | EBG00000313339 n.1247G>C | other_variants, capreomycin; linezolid | EBG00000313339 n.1256T>A | other_variants, capreomycin; linezolid | EBG00000313339 n.1263G>A | other_variants, capreomycin; linezolid | EBG00000313339 n.2572C>G | other_variants, capreomycin; linezolid | EBG00000313339 n.2594T>C | other_variants, capreomycin; linezolid | EBG00000313339 n.2595T>G | other_variants, capreomycin; linezolid | EBG00000313339 n.2603A>G | other_variants, capreomycin; linezolid | EBG00000313339 n.2623A>C | other_variants, capreomycin; linezolid | EBG00000313339 n.2636C>T | other_variants, capreomycin; linezolid | EBG00000313339 n.2637A>G | other_variants, capreomycin; linezolid | EBG00000313339 n.2638C>G | other_variants, capreomycin; linezolid | EBG00000313339 n.2639C>T | other_variants, capreomycin; linezolid | EBG00000313339 n.2640C>A | other_variants, capreomycin; linezolid | EBG00000313339 n.2645G>A | other_variants, capreomycin; linezolid | EBG00000313339 n.2654G>C | other_variants, capreomycin; linezolid | EBG00000313339 n.2655T>C | other_variants, capreomycin; linezolid | EBG00000313339 n.2656G>A | other_variants, capreomycin; linezolid | EBG00000313339 n.2675G>C | other_variants, capreomycin; linezolid | EBG00000313339 n.2681C>T | other_variants, capreomycin; linezolid | EBG00000313339 n.2696G>T | other_variants, capreomycin; linezolid | EBG00000313339 n.2701T>C | other_variants, capreomycin; linezolid | EBG00000313339 n.2715T>C | other_variants, capreomycin; linezolid | EBG00000313339 n.2725A>G | other_variants, capreomycin; linezolid | EBG00000313339 n.2726T>A | other_variants, capreomycin; linezolid | EBG00000313339 n.2751G>A | other_variants, capreomycin; linezolid | EBG00000313339 n.2768G>A | other_variants, capreomycin; linezolid | EBG00000313339 n.2771C>T | other_variants, capreomycin; linezolid | EBG00000313339 n.2809C>T | other_variants, capreomycin; linezolid | EBG00000313339 n.2824T>C | other_variants, capreomycin; linezolid | EBG00000313339 n.2849T>C | other_variants, capreomycin; linezolid | EBG00000313339 n.2855C>T | other_variants, capreomycin; linezolid | EBG00000313339 n.2857C>T | other_variants, capreomycin; linezolid | EBG00000313339 n.2862C>G | other_variants, capreomycin; linezolid | EBG00000313339 n.2867C>A | other_variants, capreomycin; linezolid | EBG00000313339 n.2868A>G | other_variants, capreomycin; linezolid | EBG00000313339 n.2873C>T | other_variants, capreomycin; linezolid | EBG00000313339 n.2879G>A | other_variants, capreomycin; linezolid | EBG00000313339 n.2880A>G | other_variants, capreomycin; linezolid | EBG00000313339 n.2881A>G | other_variants, capreomycin; linezolid | EBG00000313339 n.2883C>G | other_variants, capreomycin; linezolid | EBG00000313339 n.2890C>T | other_variants, capreomycin; linezolid | EBG00000313339 n.2910C>T | other_variants, capreomycin; linezolid | EBG00000313339 n.2916A>T | other_variants, capreomycin; linezolid | EBG00000313339 n.2920T>G | other_variants, capreomycin; linezolid | EBG00000313339 n.2927C>T | other_variants, capreomycin; linezolid | EBG00000313339 n.2937C>T | other_variants, pyrazinamide | Rv1630 c.636A>C | other_variants, linezolid | Rv1644 p.Leu232Pro | other_variants, capreomycin | Rv1694 c.33A>G | other_variants, isoniazid | Rv1908c p.Arg463Leu | other_variants, pyrazinamide | Rv1918c p.Leu896Ser | other_variants, bedaquiline; clofazimine | Rv1979c c.-129A>G | other_variants, pyrazinamide | Rv2043c c.-798C>A | other_variants, cycloserine | Rv2780 c.-32T>C | other_variants, pyrazinamide | Rv3236c p.Thr102Ala | other_variants, rifampicin; bedaquiline | Rv3245c p.Met517Leu | other_variants, rifampicin; bedaquiline | Rv3245c p.Pro18Ser | other_variants, ethambutol | Rv3793 c.2781C>T | other_variants, ethambutol | Rv3794 c.228C>T | other_variants, ethambutol | Rv3805c p.Asp397Gly | other_variants, amikacin; kanamycin; capreomycin | Rv3862c c.-75delG | other_variants, amikacin; kanamycin; capreomycin | Rv3862c c.-211C>T | other_variants, streptomycin | Rv3919c c.615A>G | other_variants, streptomycin | Rv3919c p.Glu92Asp | other_variants	Rv0006 p.Glu21Gln, Rv0006 p.Ser95Thr, Rv0006 p.Gly668Asp, Rv0407 c.960T>C, Rv0486 p.Ala187Val, Rv0529 p.Ile245Met, Rv0565c c.390G>A, Rv0565c p.Arg110His, Rv0667 c.3225T>C, Rv0668 p.Thr225Asn, Rv0676c p.Ile948Val, Rv0676c p.Thr794Ile, Rv0676c p.Asp767Asn, Rv0677c c.-710C>G, Rv0682 c.-165T>C, Rv1129c c.-28T>C, Rv1258c c.580_581insC, EBG00000313325 n.-187C>T, EBG00000313325 n.685G>A, EBG00000313325 n.692C>T, EBG00000313325 n.696T>G, EBG00000313325 n.699C>G, EBG00000313325 n.700A>T, EBG00000313325 n.712G>A, EBG00000313325 n.725G>A, EBG00000313325 n.726G>C, EBG00000313325 n.728C>T, EBG00000313325 n.736A>T, EBG00000313325 n.753A>C, EBG00000313325 n.771G>A, EBG00000313325 n.1109_1112delTCTC, EBG00000313325 n.1114_1115insTTTA, EBG00000313325 n.1130T>A, EBG00000313325 n.1137G>C, EBG00000313325 n.1142G>T, EBG00000313325 n.1143T>A, EBG00000313325 n.1146G>A, EBG00000313325 n.1147A>T, EBG00000313325 n.1157G>T, EBG00000313325 n.1159T>A, EBG00000313325 n.1163C>A, EBG00000313325 n.1164T>C, EBG00000313325 n.1175T>C, EBG00000313325 n.1190G>A, EBG00000313325 n.1208T>A, EBG00000313325 n.1211A>T, EBG00000313325 n.1217T>A, EBG00000313325 n.1223A>G, EBG00000313325 n.1225G>A, EBG00000313339 n.1122G>A, EBG00000313339 n.1123C>T, EBG00000313339 n.1125G>A, EBG00000313339 n.1133C>T, EBG00000313339 n.1141C>T, EBG00000313339 n.1147C>T, EBG00000313339 n.1166C>G, EBG00000313339 n.1170C>T, EBG00000313339 n.1187G>T, EBG00000313339 n.1209C>A, EBG00000313339 n.1212G>T, EBG00000313339 n.1239A>G, EBG00000313339 n.1245T>C, EBG00000313339 n.1247G>C, EBG00000313339 n.1256T>A, EBG00000313339 n.1263G>A, EBG00000313339 n.2572C>G, EBG00000313339 n.2594T>C, EBG00000313339 n.2595T>G, EBG00000313339 n.2603A>G, EBG00000313339 n.2623A>C, EBG00000313339 n.2636C>T, EBG00000313339 n.2637A>G, EBG00000313339 n.2638C>G, EBG00000313339 n.2639C>T, EBG00000313339 n.2640C>A, EBG00000313339 n.2645G>A, EBG00000313339 n.2654G>C, EBG00000313339 n.2655T>C, EBG00000313339 n.2656G>A, EBG00000313339 n.2675G>C, EBG00000313339 n.2681C>T, EBG00000313339 n.2696G>T, EBG00000313339 n.2701T>C, EBG00000313339 n.2715T>C, EBG00000313339 n.2725A>G, EBG00000313339 n.2726T>A, EBG00000313339 n.2751G>A, EBG00000313339 n.2768G>A, EBG00000313339 n.2771C>T, EBG00000313339 n.2809C>T, EBG00000313339 n.2824T>C, EBG00000313339 n.2849T>C, EBG00000313339 n.2855C>T, EBG00000313339 n.2857C>T, EBG00000313339 n.2862C>G, EBG00000313339 n.2867C>A, EBG00000313339 n.2868A>G, EBG00000313339 n.2873C>T, EBG00000313339 n.2879G>A, EBG00000313339 n.2880A>G, EBG00000313339 n.2881A>G, EBG00000313339 n.2883C>G, EBG00000313339 n.2890C>T, EBG00000313339 n.2910C>T, EBG00000313339 n.2916A>T, EBG00000313339 n.2920T>G, EBG00000313339 n.2927C>T, EBG00000313339 n.2937C>T, Rv1630 c.636A>C, Rv1644 p.Leu232Pro, Rv1694 c.33A>G, Rv1908c p.Arg463Leu, Rv1918c p.Leu896Ser, Rv1979c c.-129A>G, Rv2043c c.-798C>A, Rv2780 c.-32T>C, Rv3236c p.Thr102Ala, Rv3245c p.Met517Leu, Rv3245c p.Pro18Ser, Rv3793 c.2781C>T, Rv3794 c.228C>T, Rv3805c p.Asp397Gly, Rv3862c c.-75delG, Rv3862c c.-211C>T, Rv3919c c.615A>G, Rv3919c p.Glu92Asp	success
0044_SRR32132077	RR-TB	rifampicin	rifampicin | Rv0667 p.Ser450Leu | dr_variants, levofloxacin; moxifloxacin; ofloxacin | Rv0005 p.Pro94Leu | other_variants, levofloxacin; moxifloxacin; ofloxacin | Rv0005 c.1983C>T | other_variants, levofloxacin; moxifloxacin; ofloxacin | Rv0006 p.Glu21Gln | other_variants, levofloxacin; moxifloxacin; ofloxacin | Rv0006 p.Ser95Thr | other_variants, levofloxacin; moxifloxacin; ofloxacin | Rv0006 p.Gly668Asp | other_variants, isoniazid | Rv0010c p.Thr29Ile | other_variants, rifampicin | Rv0668 c.1626C>G | other_variants, rifampicin | Rv0668 p.Asn698Ser | other_variants, bedaquiline; clofazimine | Rv0676c p.Ile948Val | other_variants, bedaquiline; clofazimine | Rv0678 p.Arg30Trp | other_variants, bedaquiline; clofazimine | Rv0678 p.Met146Ile | other_variants, streptomycin | Rv0682 c.-165T>C | other_variants, streptomycin; amikacin; kanamycin; capreomycin | EBG00000313325 n.-187C>T | other_variants, streptomycin; amikacin; kanamycin; capreomycin | EBG00000313325 n.492C>T | other_variants, linezolid | Rv1644 p.Leu232Pro | other_variants, capreomycin | Rv1694 c.33A>G | other_variants, isoniazid | Rv1908c p.Trp438Arg | other_variants, bedaquiline; clofazimine | Rv1979c c.-129A>G | other_variants, Rv2764c p.Thr202Ala | other_variants, cycloserine | Rv2780 c.-32T>C | other_variants, rifampicin; bedaquiline | Rv3245c p.Met517Leu | other_variants, pyrazinamide | Rv3596c c.2418C>T | other_variants, ethambutol | Rv3793 c.2781C>T | other_variants, ethambutol | Rv3805c p.Val144Leu | other_variants, amikacin; kanamycin; capreomycin | Rv3862c c.-75delG | other_variants, amikacin; kanamycin; capreomycin | Rv3862c c.-211C>T | other_variants, streptomycin | Rv3919c p.Leu16Arg | other_variants	Rv0667 p.Ser450Leu, Rv0005 p.Pro94Leu, Rv0005 c.1983C>T, Rv0006 p.Glu21Gln, Rv0006 p.Ser95Thr, Rv0006 p.Gly668Asp, Rv0010c p.Thr29Ile, Rv0668 c.1626C>G, Rv0668 p.Asn698Ser, Rv0676c p.Ile948Val, Rv0678 p.Arg30Trp, Rv0678 p.Met146Ile, Rv0682 c.-165T>C, EBG00000313325 n.-187C>T, EBG00000313325 n.492C>T, Rv1644 p.Leu232Pro, Rv1694 c.33A>G, Rv1908c p.Trp438Arg, Rv1979c c.-129A>G, Rv2764c p.Thr202Ala, Rv2780 c.-32T>C, Rv3245c p.Met517Leu, Rv3596c c.2418C>T, Rv3793 c.2781C>T, Rv3805c p.Val144Leu, Rv3862c c.-75delG, Rv3862c c.-211C>T, Rv3919c p.Leu16Arg	success
0045_SRR32132079	XDR-TB	levofloxacin, moxifloxacin, rifampicin, bedaquiline, clofazimine	levofloxacin; moxifloxacin | Rv0006 p.Ala90Val | dr_variants, rifampicin | Rv0667 p.Leu452Pro | dr_variants, bedaquiline; clofazimine | Rv0678 c.198dupG | dr_variants, delamanid; pretomanid | Rv3262 c.201delC | dr_variants, levofloxacin; moxifloxacin; ofloxacin | Rv0006 p.Glu21Gln | other_variants, levofloxacin; moxifloxacin; ofloxacin | Rv0006 p.Ser95Thr | other_variants, levofloxacin; moxifloxacin; ofloxacin | Rv0006 p.Gly668Asp | other_variants, ethionamide | Rv0565c p.Ser68Pro | other_variants, rifampicin | Rv0668 p.Gly594Glu | other_variants, bedaquiline; clofazimine | Rv0676c p.Ile948Val | other_variants, streptomycin | Rv0682 c.-165T>C | other_variants, streptomycin | Rv0682 c.-125G>C | other_variants, linezolid | Rv0701 c.-590T>C | other_variants, clofazimine; delamanid; pretomanid | Rv1173 p.His722Arg | other_variants, streptomycin; amikacin; kanamycin; capreomycin | EBG00000313325 n.-187C>T | other_variants, linezolid | Rv1644 p.Leu232Pro | other_variants, capreomycin | Rv1694 c.33A>G | other_variants, bedaquiline; clofazimine | Rv1979c c.-129A>G | other_variants, cycloserine | Rv2780 c.-32T>C | other_variants, rifampicin; bedaquiline | Rv3245c p.Met517Leu | other_variants, cycloserine | Rv3423c p.Lys133Glu | other_variants, ethambutol | Rv3793 c.2781C>T | other_variants, ethambutol | Rv3793 p.Val981Leu | other_variants, ethambutol | Rv3795 c.2895G>A | other_variants, ethambutol | Rv3806c p.Leu33Met | other_variants, amikacin; kanamycin; capreomycin | Rv3862c c.-75delG | other_variants, amikacin; kanamycin; capreomycin | Rv3862c c.-211C>T | other_variants, streptomycin | Rv3919c c.405G>T | other_variants	Rv0006 p.Ala90Val, Rv0667 p.Leu452Pro, Rv0678 c.198dupG, Rv3262 c.201delC, Rv0006 p.Glu21Gln, Rv0006 p.Ser95Thr, Rv0006 p.Gly668Asp, Rv0565c p.Ser68Pro, Rv0668 p.Gly594Glu, Rv0676c p.Ile948Val, Rv0682 c.-165T>C, Rv0682 c.-125G>C, Rv0701 c.-590T>C, Rv1173 p.His722Arg, EBG00000313325 n.-187C>T, Rv1644 p.Leu232Pro, Rv1694 c.33A>G, Rv1979c c.-129A>G, Rv2780 c.-32T>C, Rv3245c p.Met517Leu, Rv3423c p.Lys133Glu, Rv3793 c.2781C>T, Rv3793 p.Val981Leu, Rv3795 c.2895G>A, Rv3806c p.Leu33Met, Rv3862c c.-75delG, Rv3862c c.-211C>T, Rv3919c c.405G>T	success
0046_SRR32132083	RR-TB	rifampicin, bedaquiline, clofazimine	rifampicin | Rv0667 p.Leu430Pro | dr_variants, bedaquiline; clofazimine | Rv0678 c.139dupG | dr_variants, bedaquiline; clofazimine | Rv0678 c.144dupC | dr_variants, bedaquiline; clofazimine | Rv0678 c.424dupC | dr_variants, levofloxacin; moxifloxacin; ofloxacin | Rv0005 p.Met291Ile | other_variants, levofloxacin; moxifloxacin; ofloxacin | Rv0005 c.885C>T | other_variants, levofloxacin; moxifloxacin; ofloxacin | Rv0006 p.Glu21Gln | other_variants, levofloxacin; moxifloxacin; ofloxacin | Rv0006 p.Ser95Thr | other_variants, levofloxacin; moxifloxacin; ofloxacin | Rv0006 p.Ala384Val | other_variants, levofloxacin; moxifloxacin; ofloxacin | Rv0006 c.1842T>C | other_variants, levofloxacin; moxifloxacin; ofloxacin | Rv0006 p.Gly668Asp | other_variants, isoniazid | Rv0010c p.Ile87Met | other_variants, isoniazid | Rv0010c c.99T>C | other_variants, clofazimine; delamanid; pretomanid | Rv0407 c.960T>C | other_variants, ethionamide | Rv0565c c.-108T>C | other_variants, rifampicin | Rv0639 c.-138T>C | other_variants, rifampicin | Rv0667 c.3225T>C | other_variants, rifampicin | Rv0668 p.Ala172Val | other_variants, rifampicin | Rv0668 c.517C>A | other_variants, rifampicin | Rv0668 p.Pro601Leu | other_variants, bedaquiline; clofazimine | Rv0676c p.Ile948Val | other_variants, bedaquiline; clofazimine | Rv0676c p.Thr794Ile | other_variants, bedaquiline; clofazimine | Rv0678 p.Leu83Phe | other_variants, streptomycin | Rv0682 c.-165T>C | other_variants, linezolid | Rv0701 c.-452C>A | other_variants, isoniazid; rifampicin; levofloxacin; moxifloxacin; ofloxacin | Rv1129c c.-28T>C | other_variants, ethambutol | Rv1267c p.Cys110Tyr | other_variants, ethambutol | Rv1267c c.-207C>G | other_variants, ethambutol | Rv1267c c.-446C>T | other_variants, streptomycin; amikacin; kanamycin; capreomycin | EBG00000313325 n.-187C>T | other_variants, linezolid | Rv1644 c.369C>T | other_variants, linezolid | Rv1644 p.Tyr147Cys | other_variants, linezolid | Rv1644 p.Leu232Pro | other_variants, capreomycin | Rv1694 c.33A>G | other_variants, streptomycin; amikacin; kanamycin; capreomycin | Rv1819c p.Ile603Val | other_variants, isoniazid | Rv1908c p.Arg463Leu | other_variants, pyrazinamide | Rv1918c p.Leu896Ser | other_variants, pyrazinamide | Rv1918c p.Gly877Asp | other_variants, bedaquiline; clofazimine | Rv1979c p.Asp286Gly | other_variants, bedaquiline; clofazimine | Rv1979c c.-129A>G | other_variants, isoniazid | Rv2245 c.18C>T | other_variants, isoniazid | Rv2428 c.-142G>A | other_variants, capreomycin | Rv2681 c.174C>T | other_variants, isoniazid; rifampicin; ethambutol; levofloxacin; moxifloxacin; ofloxacin | Rv2752c c.1560C>T | other_variants, isoniazid; rifampicin; ethambutol; levofloxacin; moxifloxacin; ofloxacin | Rv2752c p.Thr364Ser | other_variants, cycloserine | Rv2780 c.-32T>C | other_variants, cycloserine | Rv2780 p.Arg2His | other_variants, ethionamide | Rv3083 p.Asp71His | other_variants, pyrazinamide | Rv3236c c.-604C>A | other_variants, rifampicin; bedaquiline | Rv3244c p.Asp142Gly | other_variants, rifampicin; bedaquiline | Rv3245c p.Met517Leu | other_variants, pyrazinamide | Rv3596c p.Val63Ala | other_variants, isoniazid; rifampicin; ethambutol; streptomycin; levofloxacin; moxifloxacin; ofloxacin | Rv3696c p.Val460Ala | other_variants, ethambutol | Rv3793 p.Thr270Ile | other_variants, ethambutol | Rv3793 p.Asn394Asp | other_variants, ethambutol | Rv3793 c.2781C>T | other_variants, ethambutol | Rv3794 p.Val206Met | other_variants, ethambutol | Rv3794 c.756C>T | other_variants, ethambutol | Rv3794 p.Pro913Ser | other_variants, ethambutol | Rv3795 p.Asp57Asn | other_variants, ethambutol | Rv3795 p.Glu378Ala | other_variants, ethambutol | Rv3795 p.Ser1054Pro | other_variants, ethambutol | Rv3806c p.Glu149Asp | other_variants, ethambutol | Rv3806c c.228T>C | other_variants, amikacin; kanamycin; capreomycin | Rv3862c c.-75delG | other_variants, amikacin; kanamycin; capreomycin | Rv3862c c.-82C>T | other_variants, amikacin; kanamycin; capreomycin | Rv3862c c.-211C>T | other_variants, streptomycin | Rv3919c c.615A>G | other_variants, streptomycin | Rv3919c c.330G>T | other_variants, streptomycin | Rv3919c p.Leu90Val | other_variants, streptomycin | Rv3919c p.Gln87Glu | other_variants	Rv0667 p.Leu430Pro, Rv0678 c.139dupG, Rv0678 c.144dupC, Rv0678 c.424dupC, Rv0005 p.Met291Ile, Rv0005 c.885C>T, Rv0006 p.Glu21Gln, Rv0006 p.Ser95Thr, Rv0006 p.Ala384Val, Rv0006 c.1842T>C, Rv0006 p.Gly668Asp, Rv0010c p.Ile87Met, Rv0010c c.99T>C, Rv0407 c.960T>C, Rv0565c c.-108T>C, Rv0639 c.-138T>C, Rv0667 c.3225T>C, Rv0668 p.Ala172Val, Rv0668 c.517C>A, Rv0668 p.Pro601Leu, Rv0676c p.Ile948Val, Rv0676c p.Thr794Ile, Rv0678 p.Leu83Phe, Rv0682 c.-165T>C, Rv0701 c.-452C>A, Rv1129c c.-28T>C, Rv1267c p.Cys110Tyr, Rv1267c c.-207C>G, Rv1267c c.-446C>T, EBG00000313325 n.-187C>T, Rv1644 c.369C>T, Rv1644 p.Tyr147Cys, Rv1644 p.Leu232Pro, Rv1694 c.33A>G, Rv1819c p.Ile603Val, Rv1908c p.Arg463Leu, Rv1918c p.Leu896Ser, Rv1918c p.Gly877Asp, Rv1979c p.Asp286Gly, Rv1979c c.-129A>G, Rv2245 c.18C>T, Rv2428 c.-142G>A, Rv2681 c.174C>T, Rv2752c c.1560C>T, Rv2752c p.Thr364Ser, Rv2780 c.-32T>C, Rv2780 p.Arg2His, Rv3083 p.Asp71His, Rv3236c c.-604C>A, Rv3244c p.Asp142Gly, Rv3245c p.Met517Leu, Rv3596c p.Val63Ala, Rv3696c p.Val460Ala, Rv3793 p.Thr270Ile, Rv3793 p.Asn394Asp, Rv3793 c.2781C>T, Rv3794 p.Val206Met, Rv3794 c.756C>T, Rv3794 p.Pro913Ser, Rv3795 p.Asp57Asn, Rv3795 p.Glu378Ala, Rv3795 p.Ser1054Pro, Rv3806c p.Glu149Asp, Rv3806c c.228T>C, Rv3862c c.-75delG, Rv3862c c.-82C>T, Rv3862c c.-211C>T, Rv3919c c.615A>G, Rv3919c c.330G>T, Rv3919c p.Leu90Val, Rv3919c p.Gln87Glu	success
